Idx_Sample,Powderkg,Liquidkg,WC,Admixturekg,Aggregateskg,Materials,fe3_o2,al2_o3,ca_o,mg_o,s_o3,loi,fine,gravity,na2_si_o3,na_o_h,fine_aggregates,coarse_aggregates,bulk_density,fineness_modulus,water_absorption,duration,temperature,totalCostsTon,totalCo2_footprintTon,totalDelivery_time,fc_28dGroundTruth,fc_28d_Lab_validation
0,360,162.0,0.45,14.4,1862.0,"Fly Ash/GGBFS-0.5/0.5, Activator: Water/NaOH/Na2SiO3-0.72/0.08/0.2, Sulphonated Naphthalene formaldehyde-based superplactisizer (Rao et al. 2018), A/B-0.55/0.45, Ambient curing (Rao et al. 2018)",2.52,23.27,18.3,4.57,0.62,3.49,403.0,2.73,20,8,45,55,1.48,5.17,1.18,1,25,79.53,73.63,5,55.37,NaN
1,360,180.0,0.5,14.4,1844.0,"Fly Ash/GGBFS-0.5/0.5, Activator: Water/NaOH/Na2SiO3-0.72/0.08/0.2, Sulphonated Naphthalene formaldehyde-based superplactisizer (Rao et al. 2018), A/B-0.55/0.45, Ambient curing (Rao et al. 2018)",2.52,23.27,18.3,4.57,0.62,3.49,403.0,2.73,20,8,45,55,1.48,5.17,1.18,1,25,81.77,77.69,5,59.79,NaN
2,360,198.0,0.55,14.4,1826.0,"Fly Ash/GGBFS-0.5/0.5, Activator: Water/NaOH/Na2SiO3-0.72/0.08/0.2, Sulphonated Naphthalene formaldehyde-based superplactisizer (Rao et al. 2018), A/B-0.55/0.45, Ambient curing (Rao et al. 2018)",2.52,23.27,18.3,4.57,0.62,3.49,403.0,2.73,20,8,45,55,1.48,5.17,1.18,1,25,84.0,81.74,5,51.61,NaN
3,360,216.0,0.6,14.4,1808.0,"Fly Ash/GGBFS-0.5/0.5, Activator: Water/NaOH/Na2SiO3-0.72/0.08/0.2, Sulphonated Naphthalene formaldehyde-based superplactisizer (Rao et al. 2018), A/B-0.55/0.45, Ambient curing (Rao et al. 2018)",2.52,23.27,18.3,4.57,0.62,3.49,403.0,2.73,20,8,45,55,1.48,5.17,1.18,1,25,86.24,85.8,5,46.68,NaN
4,370,166.5,0.45,14.8,1847.5,"Fly Ash/GGBFS-0.5/0.5, Activator: Water/NaOH/Na2SiO3-0.72/0.08/0.2, Sulphonated Naphthalene formaldehyde-based superplactisizer (Rao et al. 2018), A/B-0.55/0.45, Ambient curing (Rao et al. 2018)",2.52,23.27,18.3,4.57,0.62,3.49,403.0,2.73,20,8,45,55,1.48,5.17,1.18,1,25,80.83,75.68,5,55.62,NaN
5,370,185.0,0.5,14.8,1829.0,"Fly Ash/GGBFS-0.5/0.5, Activator: Water/NaOH/Na2SiO3-0.72/0.08/0.2, Sulphonated Naphthalene formaldehyde-based superplactisizer (Rao et al. 2018), A/B-0.55/0.45, Ambient curing (Rao et al. 2018)",2.52,23.27,18.3,4.57,0.62,3.49,403.0,2.73,20,8,45,55,1.48,5.17,1.18,1,25,83.13,79.85,5,59.88,NaN
6,370,203.5,0.55,14.8,1810.5,"Fly Ash/GGBFS-0.5/0.5, Activator: Water/NaOH/Na2SiO3-0.72/0.08/0.2, Sulphonated Naphthalene formaldehyde-based superplactisizer (Rao et al. 2018), A/B-0.55/0.45, Ambient curing (Rao et al. 2018)",2.52,23.27,18.3,4.57,0.62,3.49,403.0,2.73,20,8,45,55,1.48,5.17,1.18,1,25,85.42,84.01,5,50.73,NaN
7,370,222.0,0.6,14.8,1792.0,"Fly Ash/GGBFS-0.5/0.5, Activator: Water/NaOH/Na2SiO3-0.72/0.08/0.2, Sulphonated Naphthalene formaldehyde-based superplactisizer (Rao et al. 2018), A/B-0.55/0.45, Ambient curing (Rao et al. 2018)",2.52,23.27,18.3,4.57,0.62,3.49,403.0,2.73,20,8,45,55,1.48,5.17,1.18,1,25,87.72,88.18,5,46.84,NaN
8,380,171.0,0.45,15.2,1833.0,"Fly Ash/GGBFS-0.5/0.5, Activator: Water/NaOH/Na2SiO3-0.72/0.08/0.2, Sulphonated Naphthalene formaldehyde-based superplactisizer (Rao et al. 2018), A/B-0.55/0.45, Ambient curing (Rao et al. 2018)",2.52,23.27,18.3,4.57,0.62,3.49,403.0,2.73,20,8,45,55,1.48,5.17,1.18,1,25,82.12,77.73,5,55.85,NaN
9,380,190.0,0.5,15.2,1814.0,"Fly Ash/GGBFS-0.5/0.5, Activator: Water/NaOH/Na2SiO3-0.72/0.08/0.2, Sulphonated Naphthalene formaldehyde-based superplactisizer (Rao et al. 2018), A/B-0.55/0.45, Ambient curing (Rao et al. 2018)",2.52,23.27,18.3,4.57,0.62,3.49,403.0,2.73,20,8,45,55,1.48,5.17,1.18,1,25,84.48,82.0,5,59.98,NaN
10,380,209.0,0.55,15.2,1795.0,"Fly Ash/GGBFS-0.5/0.5, Activator: Water/NaOH/Na2SiO3-0.72/0.08/0.2, Sulphonated Naphthalene formaldehyde-based superplactisizer (Rao et al. 2018), A/B-0.55/0.45, Ambient curing (Rao et al. 2018)",2.52,23.27,18.3,4.57,0.62,3.49,403.0,2.73,20,8,45,55,1.48,5.17,1.18,1,25,86.84,86.28,5,49.86,NaN
11,380,228.0,0.6,15.2,1776.0,"Fly Ash/GGBFS-0.5/0.5, Activator: Water/NaOH/Na2SiO3-0.72/0.08/0.2, Sulphonated Naphthalene formaldehyde-based superplactisizer (Rao et al. 2018), A/B-0.55/0.45, Ambient curing (Rao et al. 2018)",2.52,23.27,18.3,4.57,0.62,3.49,403.0,2.73,20,8,45,55,1.48,5.17,1.18,1,25,89.21,90.56,5,46.98,NaN
12,390,175.5,0.45,15.6,1818.5,"Fly Ash/GGBFS-0.5/0.5, Activator: Water/NaOH/Na2SiO3-0.72/0.08/0.2, Sulphonated Naphthalene formaldehyde-based superplactisizer (Rao et al. 2018), A/B-0.55/0.45, Ambient curing (Rao et al. 2018)",2.52,23.27,18.3,4.57,0.62,3.49,403.0,2.73,20,8,45,55,1.48,5.17,1.18,1,25,83.42,79.77,5,56.1,NaN
13,390,195.0,0.5,15.6,1799.0,"Fly Ash/GGBFS-0.5/0.5, Activator: Water/NaOH/Na2SiO3-0.72/0.08/0.2, Sulphonated Naphthalene formaldehyde-based superplactisizer (Rao et al. 2018), A/B-0.55/0.45, Ambient curing (Rao et al. 2018)",2.52,23.27,18.3,4.57,0.62,3.49,403.0,2.73,20,8,45,55,1.48,5.17,1.18,1,25,85.84,84.16,5,60.08,NaN
14,390,214.5,0.55,15.6,1779.5,"Fly Ash/GGBFS-0.5/0.5, Activator: Water/NaOH/Na2SiO3-0.72/0.08/0.2, Sulphonated Naphthalene formaldehyde-based superplactisizer (Rao et al. 2018), A/B-0.55/0.45, Ambient curing (Rao et al. 2018)",2.52,23.27,18.3,4.57,0.62,3.49,403.0,2.73,20,8,45,55,1.48,5.17,1.18,1,25,88.26,88.55,5,49.0,NaN
15,390,234.0,0.6,15.6,1760.0,"Fly Ash/GGBFS-0.5/0.5, Activator: Water/NaOH/Na2SiO3-0.72/0.08/0.2, Sulphonated Naphthalene formaldehyde-based superplactisizer (Rao et al. 2018), A/B-0.55/0.45, Ambient curing (Rao et al. 2018)",2.52,23.27,18.3,4.57,0.62,3.49,403.0,2.73,20,8,45,55,1.48,5.17,1.18,1,25,90.69,92.94,5,47.13,NaN
16,400,180.0,0.45,16.0,1804.0,"Fly Ash/GGBFS-0.5/0.5, Activator: Water/NaOH/Na2SiO3-0.72/0.08/0.2, Sulphonated Naphthalene formaldehyde-based superplactisizer (Rao et al. 2018), A/B-0.55/0.45, Ambient curing (Rao et al. 2018)",2.52,23.27,18.3,4.57,0.62,3.49,403.0,2.73,20,8,45,55,1.48,5.17,1.18,1,25,84.71,81.82,5,56.36,NaN
17,400,200.0,0.5,16.0,1784.0,"Fly Ash/GGBFS-0.5/0.5, Activator: Water/NaOH/Na2SiO3-0.72/0.08/0.2, Sulphonated Naphthalene formaldehyde-based superplactisizer (Rao et al. 2018), A/B-0.55/0.45, Ambient curing (Rao et al. 2018)",2.52,23.27,18.3,4.57,0.62,3.49,403.0,2.73,20,8,45,55,1.48,5.17,1.18,1,25,87.2,86.32,5,60.18,NaN
18,400,220.0,0.55,16.0,1764.0,"Fly Ash/GGBFS-0.5/0.5, Activator: Water/NaOH/Na2SiO3-0.72/0.08/0.2, Sulphonated Naphthalene formaldehyde-based superplactisizer (Rao et al. 2018), A/B-0.55/0.45, Ambient curing (Rao et al. 2018)",2.52,23.27,18.3,4.57,0.62,3.49,403.0,2.73,20,8,45,55,1.48,5.17,1.18,1,25,89.68,90.82,5,48.14,NaN
19,400,240.0,0.6,16.0,1744.0,"Fly Ash/GGBFS-0.5/0.5, Activator: Water/NaOH/Na2SiO3-0.72/0.08/0.2, Sulphonated Naphthalene formaldehyde-based superplactisizer (Rao et al. 2018), A/B-0.55/0.45, Ambient curing (Rao et al. 2018)",2.52,23.27,18.3,4.57,0.62,3.49,403.0,2.73,20,8,45,55,1.48,5.17,1.18,1,25,92.17,95.33,5,47.28,NaN
20,410,184.5,0.45,16.4,1789.5,"Fly Ash/GGBFS-0.5/0.5, Activator: Water/NaOH/Na2SiO3-0.72/0.08/0.2, Sulphonated Naphthalene formaldehyde-based superplactisizer (Rao et al. 2018), A/B-0.55/0.45, Ambient curing (Rao et al. 2018)",2.52,23.27,18.3,4.57,0.62,3.49,403.0,2.73,20,8,45,55,1.48,5.17,1.18,1,25,86.01,83.86,5,56.62,NaN
21,410,205.0,0.5,16.4,1769.0,"Fly Ash/GGBFS-0.5/0.5, Activator: Water/NaOH/Na2SiO3-0.72/0.08/0.2, Sulphonated Naphthalene formaldehyde-based superplactisizer (Rao et al. 2018), A/B-0.55/0.45, Ambient curing (Rao et al. 2018)",2.52,23.27,18.3,4.57,0.62,3.49,403.0,2.73,20,8,45,55,1.48,5.17,1.18,1,25,88.56,88.48,5,60.28,NaN
22,410,225.5,0.55,16.4,1748.5,"Fly Ash/GGBFS-0.5/0.5, Activator: Water/NaOH/Na2SiO3-0.72/0.08/0.2, Sulphonated Naphthalene formaldehyde-based superplactisizer (Rao et al. 2018), A/B-0.55/0.45, Ambient curing (Rao et al. 2018)",2.52,23.27,18.3,4.57,0.62,3.49,403.0,2.73,20,8,45,55,1.48,5.17,1.18,1,25,91.11,93.09,5,47.28,NaN
23,410,246.0,0.6,16.4,1728.0,"Fly Ash/GGBFS-0.5/0.5, Activator: Water/NaOH/Na2SiO3-0.72/0.08/0.2, Sulphonated Naphthalene formaldehyde-based superplactisizer (Rao et al. 2018), A/B-0.55/0.45, Ambient curing (Rao et al. 2018)",2.52,23.27,18.3,4.57,0.62,3.49,403.0,2.73,20,8,45,55,1.48,5.17,1.18,1,25,93.65,97.71,5,47.43,NaN
24,420,189.0,0.45,16.8,1775.0,"Fly Ash/GGBFS-0.5/0.5, Activator: Water/NaOH/Na2SiO3-0.72/0.08/0.2, Sulphonated Naphthalene formaldehyde-based superplactisizer (Rao et al. 2018), A/B-0.55/0.45, Ambient curing (Rao et al. 2018)",2.52,23.27,18.3,4.57,0.62,3.49,403.0,2.73,20,8,45,55,1.48,5.17,1.18,1,25,87.31,85.91,5,56.86,NaN
25,420,210.0,0.5,16.8,1754.0,"Fly Ash/GGBFS-0.5/0.5, Activator: Water/NaOH/Na2SiO3-0.72/0.08/0.2, Sulphonated Naphthalene formaldehyde-based superplactisizer (Rao et al. 2018), A/B-0.55/0.45, Ambient curing (Rao et al. 2018)",2.52,23.27,18.3,4.57,0.62,3.49,403.0,2.73,20,8,45,55,1.48,5.17,1.18,1,25,89.92,90.64,5,60.38,NaN
26,420,231.0,0.55,16.8,1733.0,"Fly Ash/GGBFS-0.5/0.5, Activator: Water/NaOH/Na2SiO3-0.72/0.08/0.2, Sulphonated Naphthalene formaldehyde-based superplactisizer (Rao et al. 2018), A/B-0.55/0.45, Ambient curing (Rao et al. 2018)",2.52,23.27,18.3,4.57,0.62,3.49,403.0,2.73,20,8,45,55,1.48,5.17,1.18,1,25,92.53,95.37,5,46.48,NaN
27,420,252.0,0.6,16.8,1712.0,"Fly Ash/GGBFS-0.5/0.5, Activator: Water/NaOH/Na2SiO3-0.72/0.08/0.2, Sulphonated Naphthalene formaldehyde-based superplactisizer (Rao et al. 2018), A/B-0.55/0.45, Ambient curing (Rao et al. 2018)",2.52,23.27,18.3,4.57,0.62,3.49,403.0,2.73,20,8,45,55,1.48,5.17,1.18,1,25,95.14,100.09,5,47.57,NaN
28,430,193.5,0.45,17.2,1760.5,"Fly Ash/GGBFS-0.5/0.5, Activator: Water/NaOH/Na2SiO3-0.72/0.08/0.2, Sulphonated Naphthalene formaldehyde-based superplactisizer (Rao et al. 2018), A/B-0.55/0.45, Ambient curing (Rao et al. 2018)",2.52,23.27,18.3,4.57,0.62,3.49,403.0,2.73,20,8,45,55,1.48,5.17,1.18,1,25,88.6,87.95,5,54.14,NaN
29,430,215.0,0.5,17.2,1739.0,"Fly Ash/GGBFS-0.5/0.5, Activator: Water/NaOH/Na2SiO3-0.72/0.08/0.2, Sulphonated Naphthalene formaldehyde-based superplactisizer (Rao et al. 2018), A/B-0.55/0.45, Ambient curing (Rao et al. 2018)",2.52,23.27,18.3,4.57,0.62,3.49,403.0,2.73,20,8,45,55,1.48,5.17,1.18,1,25,91.27,92.79,5,59.75,NaN
30,430,236.5,0.55,17.2,1717.5,"Fly Ash/GGBFS-0.5/0.5, Activator: Water/NaOH/Na2SiO3-0.72/0.08/0.2, Sulphonated Naphthalene formaldehyde-based superplactisizer (Rao et al. 2018), A/B-0.55/0.45, Ambient curing (Rao et al. 2018)",2.52,23.27,18.3,4.57,0.62,3.49,403.0,2.73,20,8,45,55,1.48,5.17,1.18,1,25,93.95,97.64,5,47.15,NaN
31,430,258.0,0.6,17.2,1696.0,"Fly Ash/GGBFS-0.5/0.5, Activator: Water/NaOH/Na2SiO3-0.72/0.08/0.2, Sulphonated Naphthalene formaldehyde-based superplactisizer (Rao et al. 2018), A/B-0.55/0.45, Ambient curing (Rao et al. 2018)",2.52,23.27,18.3,4.57,0.62,3.49,403.0,2.73,20,8,45,55,1.48,5.17,1.18,1,25,96.62,102.48,5,47.59,NaN
32,440,198.0,0.45,17.6,1746.0,"Fly Ash/GGBFS-0.5/0.5, Activator: Water/NaOH/Na2SiO3-0.72/0.08/0.2, Sulphonated Naphthalene formaldehyde-based superplactisizer (Rao et al. 2018), A/B-0.55/0.45, Ambient curing (Rao et al. 2018)",2.52,23.27,18.3,4.57,0.62,3.49,403.0,2.73,20,8,45,55,1.48,5.17,1.18,1,25,89.9,90.0,5,51.9,NaN
33,440,220.0,0.5,17.6,1724.0,"Fly Ash/GGBFS-0.5/0.5, Activator: Water/NaOH/Na2SiO3-0.72/0.08/0.2, Sulphonated Naphthalene formaldehyde-based superplactisizer (Rao et al. 2018), A/B-0.55/0.45, Ambient curing (Rao et al. 2018)",2.52,23.27,18.3,4.57,0.62,3.49,403.0,2.73,20,8,45,55,1.48,5.17,1.18,1,25,92.63,94.95,5,59.23,NaN
34,440,242.0,0.55,17.6,1702.0,"Fly Ash/GGBFS-0.5/0.5, Activator: Water/NaOH/Na2SiO3-0.72/0.08/0.2, Sulphonated Naphthalene formaldehyde-based superplactisizer (Rao et al. 2018), A/B-0.55/0.45, Ambient curing (Rao et al. 2018)",2.52,23.27,18.3,4.57,0.62,3.49,403.0,2.73,20,8,45,55,1.48,5.17,1.18,1,25,95.37,99.91,5,47.71,NaN
35,440,264.0,0.6,17.6,1680.0,"Fly Ash/GGBFS-0.5/0.5, Activator: Water/NaOH/Na2SiO3-0.72/0.08/0.2, Sulphonated Naphthalene formaldehyde-based superplactisizer (Rao et al. 2018), A/B-0.55/0.45, Ambient curing (Rao et al. 2018)",2.52,23.27,18.3,4.57,0.62,3.49,403.0,2.73,20,8,45,55,1.48,5.17,1.18,1,25,98.1,104.86,5,47.61,NaN
36,450,202.5,0.45,18.0,1731.5,"Fly Ash/GGBFS-0.5/0.5, Activator: Water/NaOH/Na2SiO3-0.72/0.08/0.2, Sulphonated Naphthalene formaldehyde-based superplactisizer (Rao et al. 2018), A/B-0.55/0.45, Ambient curing (Rao et al. 2018)",2.52,23.27,18.3,4.57,0.62,3.49,403.0,2.73,20,8,45,55,1.48,5.17,1.18,1,25,91.19,92.04,5,48.91,NaN
37,450,225.0,0.5,18.0,1709.0,"Fly Ash/GGBFS-0.5/0.5, Activator: Water/NaOH/Na2SiO3-0.72/0.08/0.2, Sulphonated Naphthalene formaldehyde-based superplactisizer (Rao et al. 2018), A/B-0.55/0.45, Ambient curing (Rao et al. 2018)",2.52,23.27,18.3,4.57,0.62,3.49,403.0,2.73,20,8,45,55,1.48,5.17,1.18,1,25,93.99,97.11,5,58.53,NaN
38,450,247.5,0.55,18.0,1686.5,"Fly Ash/GGBFS-0.5/0.5, Activator: Water/NaOH/Na2SiO3-0.72/0.08/0.2, Sulphonated Naphthalene formaldehyde-based superplactisizer (Rao et al. 2018), A/B-0.55/0.45, Ambient curing (Rao et al. 2018)",2.52,23.27,18.3,4.57,0.62,3.49,403.0,2.73,20,8,45,55,1.48,5.17,1.18,1,25,96.79,102.18,5,48.45,NaN
39,450,270.0,0.6,18.0,1664.0,"Fly Ash/GGBFS-0.5/0.5, Activator: Water/NaOH/Na2SiO3-0.72/0.08/0.2, Sulphonated Naphthalene formaldehyde-based superplactisizer (Rao et al. 2018), A/B-0.55/0.45, Ambient curing (Rao et al. 2018)",2.52,23.27,18.3,4.57,0.62,3.49,403.0,2.73,20,8,45,55,1.48,5.17,1.18,1,25,99.58,107.24,5,47.64,NaN
40,360,162.0,0.45,14.4,1862.0,"Fly Ash/GGBFS-0.5/0.5, Activator: Water/NaOH/Na2SiO3-0.72/0.08/0.2, Sulphonated Naphthalene formaldehyde-based superplactisizer (Rao et al. 2018), A/B-0.55/0.45, Heat curing (Rao et al.)",2.52,23.27,18.3,4.57,0.62,3.49,403.0,2.73,20,8,45,55,1.48,5.17,1.18,1,60,95.53,96.08,5,61.96,NaN
41,360,180.0,0.5,14.4,1844.0,"Fly Ash/GGBFS-0.5/0.5, Activator: Water/NaOH/Na2SiO3-0.72/0.08/0.2, Sulphonated Naphthalene formaldehyde-based superplactisizer (Rao et al. 2018), A/B-0.55/0.45, Heat curing (Rao et al.)",2.52,23.27,18.3,4.57,0.62,3.49,403.0,2.73,20,8,45,55,1.48,5.17,1.18,1,60,97.77,100.14,5,65.26,NaN
42,360,198.0,0.55,14.4,1826.0,"Fly Ash/GGBFS-0.5/0.5, Activator: Water/NaOH/Na2SiO3-0.72/0.08/0.2, Sulphonated Naphthalene formaldehyde-based superplactisizer (Rao et al. 2018), A/B-0.55/0.45, Heat curing (Rao et al.)",2.52,23.27,18.3,4.57,0.62,3.49,403.0,2.73,20,8,45,55,1.48,5.17,1.18,1,60,100.0,104.19,5,53.39,NaN
43,360,216.0,0.6,14.4,1808.0,"Fly Ash/GGBFS-0.5/0.5, Activator: Water/NaOH/Na2SiO3-0.72/0.08/0.2, Sulphonated Naphthalene formaldehyde-based superplactisizer (Rao et al. 2018), A/B-0.55/0.45, Heat curing (Rao et al.)",2.52,23.27,18.3,4.57,0.62,3.49,403.0,2.73,20,8,45,55,1.48,5.17,1.18,1,60,102.24,108.25,5,52.4,NaN
44,370,166.5,0.45,14.8,1847.5,"Fly Ash/GGBFS-0.5/0.5, Activator: Water/NaOH/Na2SiO3-0.72/0.08/0.2, Sulphonated Naphthalene formaldehyde-based superplactisizer (Rao et al. 2018), A/B-0.55/0.45, Heat curing (Rao et al.)",2.52,23.27,18.3,4.57,0.62,3.49,403.0,2.73,20,8,45,55,1.48,5.17,1.18,1,60,96.83,98.13,5,61.22,NaN
45,370,185.0,0.5,14.8,1829.0,"Fly Ash/GGBFS-0.5/0.5, Activator: Water/NaOH/Na2SiO3-0.72/0.08/0.2, Sulphonated Naphthalene formaldehyde-based superplactisizer (Rao et al. 2018), A/B-0.55/0.45, Heat curing (Rao et al.)",2.52,23.27,18.3,4.57,0.62,3.49,403.0,2.73,20,8,45,55,1.48,5.17,1.18,1,60,99.13,102.3,5,65.09,NaN
46,370,203.5,0.55,14.8,1810.5,"Fly Ash/GGBFS-0.5/0.5, Activator: Water/NaOH/Na2SiO3-0.72/0.08/0.2, Sulphonated Naphthalene formaldehyde-based superplactisizer (Rao et al. 2018), A/B-0.55/0.45, Heat curing (Rao et al.)",2.52,23.27,18.3,4.57,0.62,3.49,403.0,2.73,20,8,45,55,1.48,5.17,1.18,1,60,101.42,106.46,5,52.93,NaN
47,370,222.0,0.6,14.8,1792.0,"Fly Ash/GGBFS-0.5/0.5, Activator: Water/NaOH/Na2SiO3-0.72/0.08/0.2, Sulphonated Naphthalene formaldehyde-based superplactisizer (Rao et al. 2018), A/B-0.55/0.45, Heat curing (Rao et al.)",2.52,23.27,18.3,4.57,0.62,3.49,403.0,2.73,20,8,45,55,1.48,5.17,1.18,1,60,103.72,110.63,5,51.9,NaN
48,380,171.0,0.45,15.2,1833.0,"Fly Ash/GGBFS-0.5/0.5, Activator: Water/NaOH/Na2SiO3-0.72/0.08/0.2, Sulphonated Naphthalene formaldehyde-based superplactisizer (Rao et al. 2018), A/B-0.55/0.45, Heat curing (Rao et al.)",2.52,23.27,18.3,4.57,0.62,3.49,403.0,2.73,20,8,45,55,1.48,5.17,1.18,1,60,98.12,100.18,5,60.47,NaN
49,380,190.0,0.5,15.2,1814.0,"Fly Ash/GGBFS-0.5/0.5, Activator: Water/NaOH/Na2SiO3-0.72/0.08/0.2, Sulphonated Naphthalene formaldehyde-based superplactisizer (Rao et al. 2018), A/B-0.55/0.45, Heat curing (Rao et al.)",2.52,23.27,18.3,4.57,0.62,3.49,403.0,2.73,20,8,45,55,1.48,5.17,1.18,1,60,100.48,104.45,5,64.93,NaN
50,380,209.0,0.55,15.2,1795.0,"Fly Ash/GGBFS-0.5/0.5, Activator: Water/NaOH/Na2SiO3-0.72/0.08/0.2, Sulphonated Naphthalene formaldehyde-based superplactisizer (Rao et al. 2018), A/B-0.55/0.45, Heat curing (Rao et al.)",2.52,23.27,18.3,4.57,0.62,3.49,403.0,2.73,20,8,45,55,1.48,5.17,1.18,1,60,102.84,108.73,5,52.46,NaN
51,380,228.0,0.6,15.2,1776.0,"Fly Ash/GGBFS-0.5/0.5, Activator: Water/NaOH/Na2SiO3-0.72/0.08/0.2, Sulphonated Naphthalene formaldehyde-based superplactisizer (Rao et al. 2018), A/B-0.55/0.45, Heat curing (Rao et al.)",2.52,23.27,18.3,4.57,0.62,3.49,403.0,2.73,20,8,45,55,1.48,5.17,1.18,1,60,105.21,113.01,5,51.4,NaN
52,390,175.5,0.45,15.6,1818.5,"Fly Ash/GGBFS-0.5/0.5, Activator: Water/NaOH/Na2SiO3-0.72/0.08/0.2, Sulphonated Naphthalene formaldehyde-based superplactisizer (Rao et al. 2018), A/B-0.55/0.45, Heat curing (Rao et al.)",2.52,23.27,18.3,4.57,0.62,3.49,403.0,2.73,20,8,45,55,1.48,5.17,1.18,1,60,99.42,102.22,5,59.73,NaN
53,390,195.0,0.5,15.6,1799.0,"Fly Ash/GGBFS-0.5/0.5, Activator: Water/NaOH/Na2SiO3-0.72/0.08/0.2, Sulphonated Naphthalene formaldehyde-based superplactisizer (Rao et al. 2018), A/B-0.55/0.45, Heat curing (Rao et al.)",2.52,23.27,18.3,4.57,0.62,3.49,403.0,2.73,20,8,45,55,1.48,5.17,1.18,1,60,101.84,106.61,5,64.76,NaN
54,390,214.5,0.55,15.6,1779.5,"Fly Ash/GGBFS-0.5/0.5, Activator: Water/NaOH/Na2SiO3-0.72/0.08/0.2, Sulphonated Naphthalene formaldehyde-based superplactisizer (Rao et al. 2018), A/B-0.55/0.45, Heat curing (Rao et al.)",2.52,23.27,18.3,4.57,0.62,3.49,403.0,2.73,20,8,45,55,1.48,5.17,1.18,1,60,104.26,111.0,5,52.0,NaN
55,390,234.0,0.6,15.6,1760.0,"Fly Ash/GGBFS-0.5/0.5, Activator: Water/NaOH/Na2SiO3-0.72/0.08/0.2, Sulphonated Naphthalene formaldehyde-based superplactisizer (Rao et al. 2018), A/B-0.55/0.45, Heat curing (Rao et al.)",2.52,23.27,18.3,4.57,0.62,3.49,403.0,2.73,20,8,45,55,1.48,5.17,1.18,1,60,106.69,115.39,5,50.9,NaN
56,400,180.0,0.45,16.0,1804.0,"Fly Ash/GGBFS-0.5/0.5, Activator: Water/NaOH/Na2SiO3-0.72/0.08/0.2, Sulphonated Naphthalene formaldehyde-based superplactisizer (Rao et al. 2018), A/B-0.55/0.45, Heat curing (Rao et al.)",2.52,23.27,18.3,4.57,0.62,3.49,403.0,2.73,20,8,45,55,1.48,5.17,1.18,1,60,100.71,104.27,5,58.98,NaN
57,400,200.0,0.5,16.0,1784.0,"Fly Ash/GGBFS-0.5/0.5, Activator: Water/NaOH/Na2SiO3-0.72/0.08/0.2, Sulphonated Naphthalene formaldehyde-based superplactisizer (Rao et al. 2018), A/B-0.55/0.45, Heat curing (Rao et al.)",2.52,23.27,18.3,4.57,0.62,3.49,403.0,2.73,20,8,45,55,1.48,5.17,1.18,1,60,103.2,108.77,5,64.6,NaN
58,400,220.0,0.55,16.0,1764.0,"Fly Ash/GGBFS-0.5/0.5, Activator: Water/NaOH/Na2SiO3-0.72/0.08/0.2, Sulphonated Naphthalene formaldehyde-based superplactisizer (Rao et al. 2018), A/B-0.55/0.45, Heat curing (Rao et al.)",2.52,23.27,18.3,4.57,0.62,3.49,403.0,2.73,20,8,45,55,1.48,5.17,1.18,1,60,105.68,113.27,5,51.54,NaN
59,400,240.0,0.6,16.0,1744.0,"Fly Ash/GGBFS-0.5/0.5, Activator: Water/NaOH/Na2SiO3-0.72/0.08/0.2, Sulphonated Naphthalene formaldehyde-based superplactisizer (Rao et al. 2018), A/B-0.55/0.45, Heat curing (Rao et al.)",2.52,23.27,18.3,4.57,0.62,3.49,403.0,2.73,20,8,45,55,1.48,5.17,1.18,1,60,108.17,117.78,5,50.41,NaN
60,410,184.5,0.45,16.4,1789.5,"Fly Ash/GGBFS-0.5/0.5, Activator: Water/NaOH/Na2SiO3-0.72/0.08/0.2, Sulphonated Naphthalene formaldehyde-based superplactisizer (Rao et al. 2018), A/B-0.55/0.45, Heat curing (Rao et al.)",2.52,23.27,18.3,4.57,0.62,3.49,403.0,2.73,20,8,45,55,1.48,5.17,1.18,1,60,102.01,106.31,5,58.24,NaN
61,410,205.0,0.5,16.4,1769.0,"Fly Ash/GGBFS-0.5/0.5, Activator: Water/NaOH/Na2SiO3-0.72/0.08/0.2, Sulphonated Naphthalene formaldehyde-based superplactisizer (Rao et al. 2018), A/B-0.55/0.45, Heat curing (Rao et al.)",2.52,23.27,18.3,4.57,0.62,3.49,403.0,2.73,20,8,45,55,1.48,5.17,1.18,1,60,104.56,110.93,5,64.43,NaN
62,410,225.5,0.55,16.4,1748.5,"Fly Ash/GGBFS-0.5/0.5, Activator: Water/NaOH/Na2SiO3-0.72/0.08/0.2, Sulphonated Naphthalene formaldehyde-based superplactisizer (Rao et al. 2018), A/B-0.55/0.45, Heat curing (Rao et al.)",2.52,23.27,18.3,4.57,0.62,3.49,403.0,2.73,20,8,45,55,1.48,5.17,1.18,1,60,107.11,115.54,5,51.07,NaN
63,410,246.0,0.6,16.4,1728.0,"Fly Ash/GGBFS-0.5/0.5, Activator: Water/NaOH/Na2SiO3-0.72/0.08/0.2, Sulphonated Naphthalene formaldehyde-based superplactisizer (Rao et al. 2018), A/B-0.55/0.45, Heat curing (Rao et al.)",2.52,23.27,18.3,4.57,0.62,3.49,403.0,2.73,20,8,45,55,1.48,5.17,1.18,1,60,109.65,120.16,5,49.91,NaN
64,420,189.0,0.45,16.8,1775.0,"Fly Ash/GGBFS-0.5/0.5, Activator: Water/NaOH/Na2SiO3-0.72/0.08/0.2, Sulphonated Naphthalene formaldehyde-based superplactisizer (Rao et al. 2018), A/B-0.55/0.45, Heat curing (Rao et al.)",2.52,23.27,18.3,4.57,0.62,3.49,403.0,2.73,20,8,45,55,1.48,5.17,1.18,1,60,103.31,108.36,5,57.54,NaN
65,420,210.0,0.5,16.8,1754.0,"Fly Ash/GGBFS-0.5/0.5, Activator: Water/NaOH/Na2SiO3-0.72/0.08/0.2, Sulphonated Naphthalene formaldehyde-based superplactisizer (Rao et al. 2018), A/B-0.55/0.45, Heat curing (Rao et al.)",2.52,23.27,18.3,4.57,0.62,3.49,403.0,2.73,20,8,45,55,1.48,5.17,1.18,1,60,105.92,113.09,5,64.28,NaN
66,420,231.0,0.55,16.8,1733.0,"Fly Ash/GGBFS-0.5/0.5, Activator: Water/NaOH/Na2SiO3-0.72/0.08/0.2, Sulphonated Naphthalene formaldehyde-based superplactisizer (Rao et al. 2018), A/B-0.55/0.45, Heat curing (Rao et al.)",2.52,23.27,18.3,4.57,0.62,3.49,403.0,2.73,20,8,45,55,1.48,5.17,1.18,1,60,108.53,117.82,5,50.64,NaN
67,420,252.0,0.6,16.8,1712.0,"Fly Ash/GGBFS-0.5/0.5, Activator: Water/NaOH/Na2SiO3-0.72/0.08/0.2, Sulphonated Naphthalene formaldehyde-based superplactisizer (Rao et al. 2018), A/B-0.55/0.45, Heat curing (Rao et al.)",2.52,23.27,18.3,4.57,0.62,3.49,403.0,2.73,20,8,45,55,1.48,5.17,1.18,1,60,111.14,122.54,5,49.44,NaN
68,430,193.5,0.45,17.2,1760.5,"Fly Ash/GGBFS-0.5/0.5, Activator: Water/NaOH/Na2SiO3-0.72/0.08/0.2, Sulphonated Naphthalene formaldehyde-based superplactisizer (Rao et al. 2018), A/B-0.55/0.45, Heat curing (Rao et al.)",2.52,23.27,18.3,4.57,0.62,3.49,403.0,2.73,20,8,45,55,1.48,5.17,1.18,1,60,104.6,110.4,5,56.66,NaN
69,430,215.0,0.5,17.2,1739.0,"Fly Ash/GGBFS-0.5/0.5, Activator: Water/NaOH/Na2SiO3-0.72/0.08/0.2, Sulphonated Naphthalene formaldehyde-based superplactisizer (Rao et al. 2018), A/B-0.55/0.45, Heat curing (Rao et al.)",2.52,23.27,18.3,4.57,0.62,3.49,403.0,2.73,20,8,45,55,1.48,5.17,1.18,1,60,107.27,115.24,5,63.47,NaN
70,430,236.5,0.55,17.2,1717.5,"Fly Ash/GGBFS-0.5/0.5, Activator: Water/NaOH/Na2SiO3-0.72/0.08/0.2, Sulphonated Naphthalene formaldehyde-based superplactisizer (Rao et al. 2018), A/B-0.55/0.45, Heat curing (Rao et al.)",2.52,23.27,18.3,4.57,0.62,3.49,403.0,2.73,20,8,45,55,1.48,5.17,1.18,1,60,109.95,120.09,5,51.92,NaN
71,430,258.0,0.6,17.2,1696.0,"Fly Ash/GGBFS-0.5/0.5, Activator: Water/NaOH/Na2SiO3-0.72/0.08/0.2, Sulphonated Naphthalene formaldehyde-based superplactisizer (Rao et al. 2018), A/B-0.55/0.45, Heat curing (Rao et al.)",2.52,23.27,18.3,4.57,0.62,3.49,403.0,2.73,20,8,45,55,1.48,5.17,1.18,1,60,112.62,124.93,5,50.93,NaN
72,440,198.0,0.45,17.6,1746.0,"Fly Ash/GGBFS-0.5/0.5, Activator: Water/NaOH/Na2SiO3-0.72/0.08/0.2, Sulphonated Naphthalene formaldehyde-based superplactisizer (Rao et al. 2018), A/B-0.55/0.45, Heat curing (Rao et al.)",2.52,23.27,18.3,4.57,0.62,3.49,403.0,2.73,20,8,45,55,1.48,5.17,1.18,1,60,105.9,112.45,5,55.78,NaN
73,440,220.0,0.5,17.6,1724.0,"Fly Ash/GGBFS-0.5/0.5, Activator: Water/NaOH/Na2SiO3-0.72/0.08/0.2, Sulphonated Naphthalene formaldehyde-based superplactisizer (Rao et al. 2018), A/B-0.55/0.45, Heat curing (Rao et al.)",2.52,23.27,18.3,4.57,0.62,3.49,403.0,2.73,20,8,45,55,1.48,5.17,1.18,1,60,108.63,117.4,5,62.65,NaN
74,440,242.0,0.55,17.6,1702.0,"Fly Ash/GGBFS-0.5/0.5, Activator: Water/NaOH/Na2SiO3-0.72/0.08/0.2, Sulphonated Naphthalene formaldehyde-based superplactisizer (Rao et al. 2018), A/B-0.55/0.45, Heat curing (Rao et al.)",2.52,23.27,18.3,4.57,0.62,3.49,403.0,2.73,20,8,45,55,1.48,5.17,1.18,1,60,111.37,122.36,5,53.2,NaN
75,440,264.0,0.6,17.6,1680.0,"Fly Ash/GGBFS-0.5/0.5, Activator: Water/NaOH/Na2SiO3-0.72/0.08/0.2, Sulphonated Naphthalene formaldehyde-based superplactisizer (Rao et al. 2018), A/B-0.55/0.45, Heat curing (Rao et al.)",2.52,23.27,18.3,4.57,0.62,3.49,403.0,2.73,20,8,45,55,1.48,5.17,1.18,1,60,114.1,127.31,5,52.42,NaN
76,450,202.5,0.45,18.0,1731.5,"Fly Ash/GGBFS-0.5/0.5, Activator: Water/NaOH/Na2SiO3-0.72/0.08/0.2, Sulphonated Naphthalene formaldehyde-based superplactisizer (Rao et al. 2018), A/B-0.55/0.45, Heat curing (Rao et al.)",2.52,23.27,18.3,4.57,0.62,3.49,403.0,2.73,20,8,45,55,1.48,5.17,1.18,1,60,107.19,114.49,5,54.97,NaN
77,450,225.0,0.5,18.0,1709.0,"Fly Ash/GGBFS-0.5/0.5, Activator: Water/NaOH/Na2SiO3-0.72/0.08/0.2, Sulphonated Naphthalene formaldehyde-based superplactisizer (Rao et al. 2018), A/B-0.55/0.45, Heat curing (Rao et al.)",2.52,23.27,18.3,4.57,0.62,3.49,403.0,2.73,20,8,45,55,1.48,5.17,1.18,1,60,109.99,119.56,5,61.9,NaN
78,450,247.5,0.55,18.0,1686.5,"Fly Ash/GGBFS-0.5/0.5, Activator: Water/NaOH/Na2SiO3-0.72/0.08/0.2, Sulphonated Naphthalene formaldehyde-based superplactisizer (Rao et al. 2018), A/B-0.55/0.45, Heat curing (Rao et al.)",2.52,23.27,18.3,4.57,0.62,3.49,403.0,2.73,20,8,45,55,1.48,5.17,1.18,1,60,112.79,124.63,5,54.38,NaN
79,450,270.0,0.6,18.0,1664.0,"Fly Ash/GGBFS-0.5/0.5, Activator: Water/NaOH/Na2SiO3-0.72/0.08/0.2, Sulphonated Naphthalene formaldehyde-based superplactisizer (Rao et al. 2018), A/B-0.55/0.45, Heat curing (Rao et al.)",2.52,23.27,18.3,4.57,0.62,3.49,403.0,2.73,20,8,45,55,1.48,5.17,1.18,1,60,115.58,129.69,5,53.79,NaN
80,360,162.0,0.45,14.4,1862.0,"Fly Ash/GGBFS-0.6/0.4, Activator: Water/NaOH/Na2SiO3-0.72/0.08/0.2, Sulphonated Naphthalene formaldehyde-based superplactisizer (Rao et al. 2018), A/B-0.55/0.45, Ambient curing (Rao et al. 2018)",2.87,23.92,15.44,3.91,0.57,3.44,398.4,2.73,20,8,45,55,1.48,5.17,1.18,1,25,76.54,71.91,5,43.32,NaN
81,360,180.0,0.5,14.4,1844.0,"Fly Ash/GGBFS-0.6/0.4, Activator: Water/NaOH/Na2SiO3-0.72/0.08/0.2, Sulphonated Naphthalene formaldehyde-based superplactisizer (Rao et al. 2018), A/B-0.55/0.45, Ambient curing (Rao et al. 2018)",2.87,23.92,15.44,3.91,0.57,3.44,398.4,2.73,20,8,45,55,1.48,5.17,1.18,1,25,78.78,75.96,5,47.92,NaN
82,360,198.0,0.55,14.4,1826.0,"Fly Ash/GGBFS-0.6/0.4, Activator: Water/NaOH/Na2SiO3-0.72/0.08/0.2, Sulphonated Naphthalene formaldehyde-based superplactisizer (Rao et al. 2018), A/B-0.55/0.45, Ambient curing (Rao et al. 2018)",2.87,23.92,15.44,3.91,0.57,3.44,398.4,2.73,20,8,45,55,1.48,5.17,1.18,1,25,81.02,80.01,5,46.87,NaN
83,360,216.0,0.6,14.4,1808.0,"Fly Ash/GGBFS-0.6/0.4, Activator: Water/NaOH/Na2SiO3-0.72/0.08/0.2, Sulphonated Naphthalene formaldehyde-based superplactisizer (Rao et al. 2018), A/B-0.55/0.45, Ambient curing (Rao et al. 2018)",2.87,23.92,15.44,3.91,0.57,3.44,398.4,2.73,20,8,45,55,1.48,5.17,1.18,1,25,83.25,84.07,5,43.38,NaN
84,370,166.5,0.45,14.8,1847.5,"Fly Ash/GGBFS-0.6/0.4, Activator: Water/NaOH/Na2SiO3-0.72/0.08/0.2, Sulphonated Naphthalene formaldehyde-based superplactisizer (Rao et al. 2018), A/B-0.55/0.45, Ambient curing (Rao et al. 2018)",2.87,23.92,15.44,3.91,0.57,3.44,398.4,2.73,20,8,45,55,1.48,5.17,1.18,1,25,77.75,73.9,5,42.95,NaN
85,370,185.0,0.5,14.8,1829.0,"Fly Ash/GGBFS-0.6/0.4, Activator: Water/NaOH/Na2SiO3-0.72/0.08/0.2, Sulphonated Naphthalene formaldehyde-based superplactisizer (Rao et al. 2018), A/B-0.55/0.45, Ambient curing (Rao et al. 2018)",2.87,23.92,15.44,3.91,0.57,3.44,398.4,2.73,20,8,45,55,1.48,5.17,1.18,1,25,80.05,78.07,5,48.47,NaN
86,370,203.5,0.55,14.8,1810.5,"Fly Ash/GGBFS-0.6/0.4, Activator: Water/NaOH/Na2SiO3-0.72/0.08/0.2, Sulphonated Naphthalene formaldehyde-based superplactisizer (Rao et al. 2018), A/B-0.55/0.45, Ambient curing (Rao et al. 2018)",2.87,23.92,15.44,3.91,0.57,3.44,398.4,2.73,20,8,45,55,1.48,5.17,1.18,1,25,82.35,82.24,5,46.49,NaN
87,370,222.0,0.6,14.8,1792.0,"Fly Ash/GGBFS-0.6/0.4, Activator: Water/NaOH/Na2SiO3-0.72/0.08/0.2, Sulphonated Naphthalene formaldehyde-based superplactisizer (Rao et al. 2018), A/B-0.55/0.45, Ambient curing (Rao et al. 2018)",2.87,23.92,15.44,3.91,0.57,3.44,398.4,2.73,20,8,45,55,1.48,5.17,1.18,1,25,84.65,86.4,5,46.2,NaN
88,380,171.0,0.45,15.2,1833.0,"Fly Ash/GGBFS-0.6/0.4, Activator: Water/NaOH/Na2SiO3-0.72/0.08/0.2, Sulphonated Naphthalene formaldehyde-based superplactisizer (Rao et al. 2018), A/B-0.55/0.45, Ambient curing (Rao et al. 2018)",2.87,23.92,15.44,3.91,0.57,3.44,398.4,2.73,20,8,45,55,1.48,5.17,1.18,1,25,78.97,75.9,5,43.58,NaN
89,380,190.0,0.5,15.2,1814.0,"Fly Ash/GGBFS-0.6/0.4, Activator: Water/NaOH/Na2SiO3-0.72/0.08/0.2, Sulphonated Naphthalene formaldehyde-based superplactisizer (Rao et al. 2018), A/B-0.55/0.45, Ambient curing (Rao et al. 2018)",2.87,23.92,15.44,3.91,0.57,3.44,398.4,2.73,20,8,45,55,1.48,5.17,1.18,1,25,81.33,80.18,5,47.91,NaN
90,380,209.0,0.55,15.2,1795.0,"Fly Ash/GGBFS-0.6/0.4, Activator: Water/NaOH/Na2SiO3-0.72/0.08/0.2, Sulphonated Naphthalene formaldehyde-based superplactisizer (Rao et al. 2018), A/B-0.55/0.45, Ambient curing (Rao et al. 2018)",2.87,23.92,15.44,3.91,0.57,3.44,398.4,2.73,20,8,45,55,1.48,5.17,1.18,1,25,83.69,84.46,5,46.12,NaN
91,380,228.0,0.6,15.2,1776.0,"Fly Ash/GGBFS-0.6/0.4, Activator: Water/NaOH/Na2SiO3-0.72/0.08/0.2, Sulphonated Naphthalene formaldehyde-based superplactisizer (Rao et al. 2018), A/B-0.55/0.45, Ambient curing (Rao et al. 2018)",2.87,23.92,15.44,3.91,0.57,3.44,398.4,2.73,20,8,45,55,1.48,5.17,1.18,1,25,86.05,88.74,5,46.27,46.27
92,390,175.5,0.45,15.6,1818.5,"Fly Ash/GGBFS-0.6/0.4, Activator: Water/NaOH/Na2SiO3-0.72/0.08/0.2, Sulphonated Naphthalene formaldehyde-based superplactisizer (Rao et al. 2018), A/B-0.55/0.45, Ambient curing (Rao et al. 2018)",2.87,23.92,15.44,3.91,0.57,3.44,398.4,2.73,20,8,45,55,1.48,5.17,1.18,1,25,80.18,77.9,5,44.21,44.21
93,390,195.0,0.5,15.6,1799.0,"Fly Ash/GGBFS-0.6/0.4, Activator: Water/NaOH/Na2SiO3-0.72/0.08/0.2, Sulphonated Naphthalene formaldehyde-based superplactisizer (Rao et al. 2018), A/B-0.55/0.45, Ambient curing (Rao et al. 2018)",2.87,23.92,15.44,3.91,0.57,3.44,398.4,2.73,20,8,45,55,1.48,5.17,1.18,1,25,82.6,82.29,5,48.75,48.75
94,390,214.5,0.55,15.6,1779.5,"Fly Ash/GGBFS-0.6/0.4, Activator: Water/NaOH/Na2SiO3-0.72/0.08/0.2, Sulphonated Naphthalene formaldehyde-based superplactisizer (Rao et al. 2018), A/B-0.55/0.45, Ambient curing (Rao et al. 2018)",2.87,23.92,15.44,3.91,0.57,3.44,398.4,2.73,20,8,45,55,1.48,5.17,1.18,1,25,85.03,86.68,5,45.75,45.75
95,390,234.0,0.6,15.6,1760.0,"Fly Ash/GGBFS-0.6/0.4, Activator: Water/NaOH/Na2SiO3-0.72/0.08/0.2, Sulphonated Naphthalene formaldehyde-based superplactisizer (Rao et al. 2018), A/B-0.55/0.45, Ambient curing (Rao et al. 2018)",2.87,23.92,15.44,3.91,0.57,3.44,398.4,2.73,20,8,45,55,1.48,5.17,1.18,1,25,87.45,91.07,5,46.35,46.35
96,400,180.0,0.45,16.0,1804.0,"Fly Ash/GGBFS-0.6/0.4, Activator: Water/NaOH/Na2SiO3-0.72/0.08/0.2, Sulphonated Naphthalene formaldehyde-based superplactisizer (Rao et al. 2018), A/B-0.55/0.45, Ambient curing (Rao et al. 2018)",2.87,23.92,15.44,3.91,0.57,3.44,398.4,2.73,20,8,45,55,1.48,5.17,1.18,1,25,81.39,79.9,5,44.85,44.85
97,400,200.0,0.5,16.0,1784.0,"Fly Ash/GGBFS-0.6/0.4, Activator: Water/NaOH/Na2SiO3-0.72/0.08/0.2, Sulphonated Naphthalene formaldehyde-based superplactisizer (Rao et al. 2018), A/B-0.55/0.45, Ambient curing (Rao et al. 2018)",2.87,23.92,15.44,3.91,0.57,3.44,398.4,2.73,20,8,45,55,1.48,5.17,1.18,1,25,83.88,84.4,5,49.59,49.59
98,400,220.0,0.55,16.0,1764.0,"Fly Ash/GGBFS-0.6/0.4, Activator: Water/NaOH/Na2SiO3-0.72/0.08/0.2, Sulphonated Naphthalene formaldehyde-based superplactisizer (Rao et al. 2018), A/B-0.55/0.45, Ambient curing (Rao et al. 2018)",2.87,23.92,15.44,3.91,0.57,3.44,398.4,2.73,20,8,45,55,1.48,5.17,1.18,1,25,86.36,88.9,5,45.38,45.38
99,400,240.0,0.6,16.0,1744.0,"Fly Ash/GGBFS-0.6/0.4, Activator: Water/NaOH/Na2SiO3-0.72/0.08/0.2, Sulphonated Naphthalene formaldehyde-based superplactisizer (Rao et al. 2018), A/B-0.55/0.45, Ambient curing (Rao et al. 2018)",2.87,23.92,15.44,3.91,0.57,3.44,398.4,2.73,20,8,45,55,1.48,5.17,1.18,1,25,88.85,93.41,5,46.42,46.42
100,410,184.5,0.45,16.4,1789.5,"Fly Ash/GGBFS-0.6/0.4, Activator: Water/NaOH/Na2SiO3-0.72/0.08/0.2, Sulphonated Naphthalene formaldehyde-based superplactisizer (Rao et al. 2018), A/B-0.55/0.45, Ambient curing (Rao et al. 2018)",2.87,23.92,15.44,3.91,0.57,3.44,398.4,2.73,20,8,45,55,1.48,5.17,1.18,1,25,82.61,81.89,5,45.48,45.48
101,410,205.0,0.5,16.4,1769.0,"Fly Ash/GGBFS-0.6/0.4, Activator: Water/NaOH/Na2SiO3-0.72/0.08/0.2, Sulphonated Naphthalene formaldehyde-based superplactisizer (Rao et al. 2018), A/B-0.55/0.45, Ambient curing (Rao et al. 2018)",2.87,23.92,15.44,3.91,0.57,3.44,398.4,2.73,20,8,45,55,1.48,5.17,1.18,1,25,85.15,86.51,5,50.43,NaN
102,410,225.5,0.55,16.4,1748.5,"Fly Ash/GGBFS-0.6/0.4, Activator: Water/NaOH/Na2SiO3-0.72/0.08/0.2, Sulphonated Naphthalene formaldehyde-based superplactisizer (Rao et al. 2018), A/B-0.55/0.45, Ambient curing (Rao et al. 2018)",2.87,23.92,15.44,3.91,0.57,3.44,398.4,2.73,20,8,45,55,1.48,5.17,1.18,1,25,87.7,91.13,5,45.02,NaN
103,410,246.0,0.6,16.4,1728.0,"Fly Ash/GGBFS-0.6/0.4, Activator: Water/NaOH/Na2SiO3-0.72/0.08/0.2, Sulphonated Naphthalene formaldehyde-based superplactisizer (Rao et al. 2018), A/B-0.55/0.45, Ambient curing (Rao et al. 2018)",2.87,23.92,15.44,3.91,0.57,3.44,398.4,2.73,20,8,45,55,1.48,5.17,1.18,1,25,90.25,95.74,5,46.5,NaN
104,420,189.0,0.45,16.8,1775.0,"Fly Ash/GGBFS-0.6/0.4, Activator: Water/NaOH/Na2SiO3-0.72/0.08/0.2, Sulphonated Naphthalene formaldehyde-based superplactisizer (Rao et al. 2018), A/B-0.55/0.45, Ambient curing (Rao et al. 2018)",2.87,23.92,15.44,3.91,0.57,3.44,398.4,2.73,20,8,45,55,1.48,5.17,1.18,1,25,83.82,83.89,5,46.08,NaN
105,420,210.0,0.5,16.8,1754.0,"Fly Ash/GGBFS-0.6/0.4, Activator: Water/NaOH/Na2SiO3-0.72/0.08/0.2, Sulphonated Naphthalene formaldehyde-based superplactisizer (Rao et al. 2018), A/B-0.55/0.45, Ambient curing (Rao et al. 2018)",2.87,23.92,15.44,3.91,0.57,3.44,398.4,2.73,20,8,45,55,1.48,5.17,1.18,1,25,86.43,88.62,5,51.22,NaN
106,420,231.0,0.55,16.8,1733.0,"Fly Ash/GGBFS-0.6/0.4, Activator: Water/NaOH/Na2SiO3-0.72/0.08/0.2, Sulphonated Naphthalene formaldehyde-based superplactisizer (Rao et al. 2018), A/B-0.55/0.45, Ambient curing (Rao et al. 2018)",2.87,23.92,15.44,3.91,0.57,3.44,398.4,2.73,20,8,45,55,1.48,5.17,1.18,1,25,89.04,93.35,5,44.67,NaN
107,420,252.0,0.6,16.8,1712.0,"Fly Ash/GGBFS-0.6/0.4, Activator: Water/NaOH/Na2SiO3-0.72/0.08/0.2, Sulphonated Naphthalene formaldehyde-based superplactisizer (Rao et al. 2018), A/B-0.55/0.45, Ambient curing (Rao et al. 2018)",2.87,23.92,15.44,3.91,0.57,3.44,398.4,2.73,20,8,45,55,1.48,5.17,1.18,1,25,91.65,98.08,5,46.57,NaN
108,430,193.5,0.45,17.2,1760.5,"Fly Ash/GGBFS-0.6/0.4, Activator: Water/NaOH/Na2SiO3-0.72/0.08/0.2, Sulphonated Naphthalene formaldehyde-based superplactisizer (Rao et al. 2018), A/B-0.55/0.45, Ambient curing (Rao et al. 2018)",2.87,23.92,15.44,3.91,0.57,3.44,398.4,2.73,20,8,45,55,1.48,5.17,1.18,1,25,85.03,85.89,5,46.01,NaN
109,430,215.0,0.5,17.2,1739.0,"Fly Ash/GGBFS-0.6/0.4, Activator: Water/NaOH/Na2SiO3-0.72/0.08/0.2, Sulphonated Naphthalene formaldehyde-based superplactisizer (Rao et al. 2018), A/B-0.55/0.45, Ambient curing (Rao et al. 2018)",2.87,23.92,15.44,3.91,0.57,3.44,398.4,2.73,20,8,45,55,1.48,5.17,1.18,1,25,87.7,90.73,5,51.04,NaN
110,430,236.5,0.55,17.2,1717.5,"Fly Ash/GGBFS-0.6/0.4, Activator: Water/NaOH/Na2SiO3-0.72/0.08/0.2, Sulphonated Naphthalene formaldehyde-based superplactisizer (Rao et al. 2018), A/B-0.55/0.45, Ambient curing (Rao et al. 2018)",2.87,23.92,15.44,3.91,0.57,3.44,398.4,2.73,20,8,45,55,1.48,5.17,1.18,1,25,90.38,95.57,5,43.71,NaN
111,430,258.0,0.6,17.2,1696.0,"Fly Ash/GGBFS-0.6/0.4, Activator: Water/NaOH/Na2SiO3-0.72/0.08/0.2, Sulphonated Naphthalene formaldehyde-based superplactisizer (Rao et al. 2018), A/B-0.55/0.45, Ambient curing (Rao et al. 2018)",2.87,23.92,15.44,3.91,0.57,3.44,398.4,2.73,20,8,45,55,1.48,5.17,1.18,1,25,93.05,100.41,5,46.27,NaN
112,440,198.0,0.45,17.6,1746.0,"Fly Ash/GGBFS-0.6/0.4, Activator: Water/NaOH/Na2SiO3-0.72/0.08/0.2, Sulphonated Naphthalene formaldehyde-based superplactisizer (Rao et al. 2018), A/B-0.55/0.45, Ambient curing (Rao et al. 2018)",2.87,23.92,15.44,3.91,0.57,3.44,398.4,2.73,20,8,45,55,1.48,5.17,1.18,1,25,86.25,87.89,5,45.96,NaN
113,440,220.0,0.5,17.6,1724.0,"Fly Ash/GGBFS-0.6/0.4, Activator: Water/NaOH/Na2SiO3-0.72/0.08/0.2, Sulphonated Naphthalene formaldehyde-based superplactisizer (Rao et al. 2018), A/B-0.55/0.45, Ambient curing (Rao et al. 2018)",2.87,23.92,15.44,3.91,0.57,3.44,398.4,2.73,20,8,45,55,1.48,5.17,1.18,1,25,88.98,92.84,5,50.89,NaN
114,440,242.0,0.55,17.6,1702.0,"Fly Ash/GGBFS-0.6/0.4, Activator: Water/NaOH/Na2SiO3-0.72/0.08/0.2, Sulphonated Naphthalene formaldehyde-based superplactisizer (Rao et al. 2018), A/B-0.55/0.45, Ambient curing (Rao et al. 2018)",2.87,23.92,15.44,3.91,0.57,3.44,398.4,2.73,20,8,45,55,1.48,5.17,1.18,1,25,91.71,97.79,5,42.91,NaN
115,440,264.0,0.6,17.6,1680.0,"Fly Ash/GGBFS-0.6/0.4, Activator: Water/NaOH/Na2SiO3-0.72/0.08/0.2, Sulphonated Naphthalene formaldehyde-based superplactisizer (Rao et al. 2018), A/B-0.55/0.45, Ambient curing (Rao et al. 2018)",2.87,23.92,15.44,3.91,0.57,3.44,398.4,2.73,20,8,45,55,1.48,5.17,1.18,1,25,94.45,102.75,5,46.01,NaN
116,450,202.5,0.45,18.0,1731.5,"Fly Ash/GGBFS-0.6/0.4, Activator: Water/NaOH/Na2SiO3-0.72/0.08/0.2, Sulphonated Naphthalene formaldehyde-based superplactisizer (Rao et al. 2018), A/B-0.55/0.45, Ambient curing (Rao et al. 2018)",2.87,23.92,15.44,3.91,0.57,3.44,398.4,2.73,20,8,45,55,1.48,5.17,1.18,1,25,87.46,89.88,5,45.88,NaN
117,450,225.0,0.5,18.0,1709.0,"Fly Ash/GGBFS-0.6/0.4, Activator: Water/NaOH/Na2SiO3-0.72/0.08/0.2, Sulphonated Naphthalene formaldehyde-based superplactisizer (Rao et al. 2018), A/B-0.55/0.45, Ambient curing (Rao et al. 2018)",2.87,23.92,15.44,3.91,0.57,3.44,398.4,2.73,20,8,45,55,1.48,5.17,1.18,1,25,90.25,94.95,5,50.69,NaN
118,450,247.5,0.55,18.0,1686.5,"Fly Ash/GGBFS-0.6/0.4, Activator: Water/NaOH/Na2SiO3-0.72/0.08/0.2, Sulphonated Naphthalene formaldehyde-based superplactisizer (Rao et al. 2018), A/B-0.55/0.45, Ambient curing (Rao et al. 2018)",2.87,23.92,15.44,3.91,0.57,3.44,398.4,2.73,20,8,45,55,1.48,5.17,1.18,1,25,93.05,100.02,5,41.85,NaN
119,450,270.0,0.6,18.0,1664.0,"Fly Ash/GGBFS-0.6/0.4, Activator: Water/NaOH/Na2SiO3-0.72/0.08/0.2, Sulphonated Naphthalene formaldehyde-based superplactisizer (Rao et al. 2018), A/B-0.55/0.45, Ambient curing (Rao et al. 2018)",2.87,23.92,15.44,3.91,0.57,3.44,398.4,2.73,20,8,45,55,1.48,5.17,1.18,1,25,95.85,105.08,5,45.68,NaN
120,360,162.0,0.45,14.4,1862.0,"Fly Ash/GGBFS-0.6/0.4, Activator: Water/NaOH/Na2SiO3-0.72/0.08/0.2, Sulphonated Naphthalene formaldehyde-based superplactisizer (Rao et al. 2018), A/B-0.55/0.45, Heat curing (Rao et al.)",2.87,23.92,15.44,3.91,0.57,3.44,398.4,2.73,20,8,45,55,1.48,5.17,1.18,1,60,92.54,94.36,5,55.57,NaN
121,360,180.0,0.5,14.4,1844.0,"Fly Ash/GGBFS-0.6/0.4, Activator: Water/NaOH/Na2SiO3-0.72/0.08/0.2, Sulphonated Naphthalene formaldehyde-based superplactisizer (Rao et al. 2018), A/B-0.55/0.45, Heat curing (Rao et al.)",2.87,23.92,15.44,3.91,0.57,3.44,398.4,2.73,20,8,45,55,1.48,5.17,1.18,1,60,94.78,98.41,5,57.37,NaN
122,360,198.0,0.55,14.4,1826.0,"Fly Ash/GGBFS-0.6/0.4, Activator: Water/NaOH/Na2SiO3-0.72/0.08/0.2, Sulphonated Naphthalene formaldehyde-based superplactisizer (Rao et al. 2018), A/B-0.55/0.45, Heat curing (Rao et al.)",2.87,23.92,15.44,3.91,0.57,3.44,398.4,2.73,20,8,45,55,1.48,5.17,1.18,1,60,97.02,102.46,5,53.39,NaN
123,360,216.0,0.6,14.4,1808.0,"Fly Ash/GGBFS-0.6/0.4, Activator: Water/NaOH/Na2SiO3-0.72/0.08/0.2, Sulphonated Naphthalene formaldehyde-based superplactisizer (Rao et al. 2018), A/B-0.55/0.45, Heat curing (Rao et al.)",2.87,23.92,15.44,3.91,0.57,3.44,398.4,2.73,20,8,45,55,1.48,5.17,1.18,1,60,99.25,106.52,5,51.22,NaN
124,370,166.5,0.45,14.8,1847.5,"Fly Ash/GGBFS-0.6/0.4, Activator: Water/NaOH/Na2SiO3-0.72/0.08/0.2, Sulphonated Naphthalene formaldehyde-based superplactisizer (Rao et al. 2018), A/B-0.55/0.45, Heat curing (Rao et al.)",2.87,23.92,15.44,3.91,0.57,3.44,398.4,2.73,20,8,45,55,1.48,5.17,1.18,1,60,93.75,96.35,5,56.11,NaN
125,370,185.0,0.5,14.8,1829.0,"Fly Ash/GGBFS-0.6/0.4, Activator: Water/NaOH/Na2SiO3-0.72/0.08/0.2, Sulphonated Naphthalene formaldehyde-based superplactisizer (Rao et al. 2018), A/B-0.55/0.45, Heat curing (Rao et al.)",2.87,23.92,15.44,3.91,0.57,3.44,398.4,2.73,20,8,45,55,1.48,5.17,1.18,1,60,96.05,100.52,5,58.2,NaN
126,370,203.5,0.55,14.8,1810.5,"Fly Ash/GGBFS-0.6/0.4, Activator: Water/NaOH/Na2SiO3-0.72/0.08/0.2, Sulphonated Naphthalene formaldehyde-based superplactisizer (Rao et al. 2018), A/B-0.55/0.45, Heat curing (Rao et al.)",2.87,23.92,15.44,3.91,0.57,3.44,398.4,2.73,20,8,45,55,1.48,5.17,1.18,1,60,98.35,104.69,5,54.32,NaN
127,370,222.0,0.6,14.8,1792.0,"Fly Ash/GGBFS-0.6/0.4, Activator: Water/NaOH/Na2SiO3-0.72/0.08/0.2, Sulphonated Naphthalene formaldehyde-based superplactisizer (Rao et al. 2018), A/B-0.55/0.45, Heat curing (Rao et al.)",2.87,23.92,15.44,3.91,0.57,3.44,398.4,2.73,20,8,45,55,1.48,5.17,1.18,1,60,100.65,108.85,5,52.13,NaN
128,380,171.0,0.45,15.2,1833.0,"Fly Ash/GGBFS-0.6/0.4, Activator: Water/NaOH/Na2SiO3-0.72/0.08/0.2, Sulphonated Naphthalene formaldehyde-based superplactisizer (Rao et al. 2018), A/B-0.55/0.45, Heat curing (Rao et al.)",2.87,23.92,15.44,3.91,0.57,3.44,398.4,2.73,20,8,45,55,1.48,5.17,1.18,1,60,94.97,98.35,5,56.66,NaN
129,380,190.0,0.5,15.2,1814.0,"Fly Ash/GGBFS-0.6/0.4, Activator: Water/NaOH/Na2SiO3-0.72/0.08/0.2, Sulphonated Naphthalene formaldehyde-based superplactisizer (Rao et al. 2018), A/B-0.55/0.45, Heat curing (Rao et al.)",2.87,23.92,15.44,3.91,0.57,3.44,398.4,2.73,20,8,45,55,1.48,5.17,1.18,1,60,97.33,102.63,5,59.03,NaN
130,380,209.0,0.55,15.2,1795.0,"Fly Ash/GGBFS-0.6/0.4, Activator: Water/NaOH/Na2SiO3-0.72/0.08/0.2, Sulphonated Naphthalene formaldehyde-based superplactisizer (Rao et al. 2018), A/B-0.55/0.45, Heat curing (Rao et al.)",2.87,23.92,15.44,3.91,0.57,3.44,398.4,2.73,20,8,45,55,1.48,5.17,1.18,1,60,99.69,106.91,5,55.26,NaN
131,380,228.0,0.6,15.2,1776.0,"Fly Ash/GGBFS-0.6/0.4, Activator: Water/NaOH/Na2SiO3-0.72/0.08/0.2, Sulphonated Naphthalene formaldehyde-based superplactisizer (Rao et al. 2018), A/B-0.55/0.45, Heat curing (Rao et al.)",2.87,23.92,15.44,3.91,0.57,3.44,398.4,2.73,20,8,45,55,1.48,5.17,1.18,1,60,102.05,111.19,5,53.05,NaN
132,390,175.5,0.45,15.6,1818.5,"Fly Ash/GGBFS-0.6/0.4, Activator: Water/NaOH/Na2SiO3-0.72/0.08/0.2, Sulphonated Naphthalene formaldehyde-based superplactisizer (Rao et al. 2018), A/B-0.55/0.45, Heat curing (Rao et al.)",2.87,23.92,15.44,3.91,0.57,3.44,398.4,2.73,20,8,45,55,1.48,5.17,1.18,1,60,96.18,100.35,5,57.2,NaN
133,390,195.0,0.5,15.6,1799.0,"Fly Ash/GGBFS-0.6/0.4, Activator: Water/NaOH/Na2SiO3-0.72/0.08/0.2, Sulphonated Naphthalene formaldehyde-based superplactisizer (Rao et al. 2018), A/B-0.55/0.45, Heat curing (Rao et al.)",2.87,23.92,15.44,3.91,0.57,3.44,398.4,2.73,20,8,45,55,1.48,5.17,1.18,1,60,98.6,104.74,5,59.86,NaN
134,390,214.5,0.55,15.6,1779.5,"Fly Ash/GGBFS-0.6/0.4, Activator: Water/NaOH/Na2SiO3-0.72/0.08/0.2, Sulphonated Naphthalene formaldehyde-based superplactisizer (Rao et al. 2018), A/B-0.55/0.45, Heat curing (Rao et al.)",2.87,23.92,15.44,3.91,0.57,3.44,398.4,2.73,20,8,45,55,1.48,5.17,1.18,1,60,101.03,109.13,5,56.19,NaN
135,390,234.0,0.6,15.6,1760.0,"Fly Ash/GGBFS-0.6/0.4, Activator: Water/NaOH/Na2SiO3-0.72/0.08/0.2, Sulphonated Naphthalene formaldehyde-based superplactisizer (Rao et al. 2018), A/B-0.55/0.45, Heat curing (Rao et al.)",2.87,23.92,15.44,3.91,0.57,3.44,398.4,2.73,20,8,45,55,1.48,5.17,1.18,1,60,103.45,113.52,5,53.96,NaN
136,400,180.0,0.45,16.0,1804.0,"Fly Ash/GGBFS-0.6/0.4, Activator: Water/NaOH/Na2SiO3-0.72/0.08/0.2, Sulphonated Naphthalene formaldehyde-based superplactisizer (Rao et al. 2018), A/B-0.55/0.45, Heat curing (Rao et al.)",2.87,23.92,15.44,3.91,0.57,3.44,398.4,2.73,20,8,45,55,1.48,5.17,1.18,1,60,97.39,102.35,5,57.75,NaN
137,400,200.0,0.5,16.0,1784.0,"Fly Ash/GGBFS-0.6/0.4, Activator: Water/NaOH/Na2SiO3-0.72/0.08/0.2, Sulphonated Naphthalene formaldehyde-based superplactisizer (Rao et al. 2018), A/B-0.55/0.45, Heat curing (Rao et al.)",2.87,23.92,15.44,3.91,0.57,3.44,398.4,2.73,20,8,45,55,1.48,5.17,1.18,1,60,99.88,106.85,5,60.68,NaN
138,400,220.0,0.55,16.0,1764.0,"Fly Ash/GGBFS-0.6/0.4, Activator: Water/NaOH/Na2SiO3-0.72/0.08/0.2, Sulphonated Naphthalene formaldehyde-based superplactisizer (Rao et al. 2018), A/B-0.55/0.45, Heat curing (Rao et al.)",2.87,23.92,15.44,3.91,0.57,3.44,398.4,2.73,20,8,45,55,1.48,5.17,1.18,1,60,102.36,111.35,5,57.12,NaN
139,400,240.0,0.6,16.0,1744.0,"Fly Ash/GGBFS-0.6/0.4, Activator: Water/NaOH/Na2SiO3-0.72/0.08/0.2, Sulphonated Naphthalene formaldehyde-based superplactisizer (Rao et al. 2018), A/B-0.55/0.45, Heat curing (Rao et al.)",2.87,23.92,15.44,3.91,0.57,3.44,398.4,2.73,20,8,45,55,1.48,5.17,1.18,1,60,104.85,115.86,5,54.87,NaN
140,410,184.5,0.45,16.4,1789.5,"Fly Ash/GGBFS-0.6/0.4, Activator: Water/NaOH/Na2SiO3-0.72/0.08/0.2, Sulphonated Naphthalene formaldehyde-based superplactisizer (Rao et al. 2018), A/B-0.55/0.45, Heat curing (Rao et al.)",2.87,23.92,15.44,3.91,0.57,3.44,398.4,2.73,20,8,45,55,1.48,5.17,1.18,1,60,98.61,104.34,5,58.29,NaN
141,410,205.0,0.5,16.4,1769.0,"Fly Ash/GGBFS-0.6/0.4, Activator: Water/NaOH/Na2SiO3-0.72/0.08/0.2, Sulphonated Naphthalene formaldehyde-based superplactisizer (Rao et al. 2018), A/B-0.55/0.45, Heat curing (Rao et al.)",2.87,23.92,15.44,3.91,0.57,3.44,398.4,2.73,20,8,45,55,1.48,5.17,1.18,1,60,101.15,108.96,5,61.51,NaN
142,410,225.5,0.55,16.4,1748.5,"Fly Ash/GGBFS-0.6/0.4, Activator: Water/NaOH/Na2SiO3-0.72/0.08/0.2, Sulphonated Naphthalene formaldehyde-based superplactisizer (Rao et al. 2018), A/B-0.55/0.45, Heat curing (Rao et al.)",2.87,23.92,15.44,3.91,0.57,3.44,398.4,2.73,20,8,45,55,1.48,5.17,1.18,1,60,103.7,113.58,5,58.06,NaN
143,410,246.0,0.6,16.4,1728.0,"Fly Ash/GGBFS-0.6/0.4, Activator: Water/NaOH/Na2SiO3-0.72/0.08/0.2, Sulphonated Naphthalene formaldehyde-based superplactisizer (Rao et al. 2018), A/B-0.55/0.45, Heat curing (Rao et al.)",2.87,23.92,15.44,3.91,0.57,3.44,398.4,2.73,20,8,45,55,1.48,5.17,1.18,1,60,106.25,118.19,5,55.78,NaN
144,420,189.0,0.45,16.8,1775.0,"Fly Ash/GGBFS-0.6/0.4, Activator: Water/NaOH/Na2SiO3-0.72/0.08/0.2, Sulphonated Naphthalene formaldehyde-based superplactisizer (Rao et al. 2018), A/B-0.55/0.45, Heat curing (Rao et al.)",2.87,23.92,15.44,3.91,0.57,3.44,398.4,2.73,20,8,45,55,1.48,5.17,1.18,1,60,99.82,106.34,5,58.8,NaN
145,420,210.0,0.5,16.8,1754.0,"Fly Ash/GGBFS-0.6/0.4, Activator: Water/NaOH/Na2SiO3-0.72/0.08/0.2, Sulphonated Naphthalene formaldehyde-based superplactisizer (Rao et al. 2018), A/B-0.55/0.45, Heat curing (Rao et al.)",2.87,23.92,15.44,3.91,0.57,3.44,398.4,2.73,20,8,45,55,1.48,5.17,1.18,1,60,102.43,111.07,5,62.29,NaN
146,420,231.0,0.55,16.8,1733.0,"Fly Ash/GGBFS-0.6/0.4, Activator: Water/NaOH/Na2SiO3-0.72/0.08/0.2, Sulphonated Naphthalene formaldehyde-based superplactisizer (Rao et al. 2018), A/B-0.55/0.45, Heat curing (Rao et al.)",2.87,23.92,15.44,3.91,0.57,3.44,398.4,2.73,20,8,45,55,1.48,5.17,1.18,1,60,105.04,115.8,5,58.93,NaN
147,420,252.0,0.6,16.8,1712.0,"Fly Ash/GGBFS-0.6/0.4, Activator: Water/NaOH/Na2SiO3-0.72/0.08/0.2, Sulphonated Naphthalene formaldehyde-based superplactisizer (Rao et al. 2018), A/B-0.55/0.45, Heat curing (Rao et al.)",2.87,23.92,15.44,3.91,0.57,3.44,398.4,2.73,20,8,45,55,1.48,5.17,1.18,1,60,107.65,120.53,5,56.64,NaN
148,430,193.5,0.45,17.2,1760.5,"Fly Ash/GGBFS-0.6/0.4, Activator: Water/NaOH/Na2SiO3-0.72/0.08/0.2, Sulphonated Naphthalene formaldehyde-based superplactisizer (Rao et al. 2018), A/B-0.55/0.45, Heat curing (Rao et al.)",2.87,23.92,15.44,3.91,0.57,3.44,398.4,2.73,20,8,45,55,1.48,5.17,1.18,1,60,101.03,108.34,5,58.03,NaN
149,430,215.0,0.5,17.2,1739.0,"Fly Ash/GGBFS-0.6/0.4, Activator: Water/NaOH/Na2SiO3-0.72/0.08/0.2, Sulphonated Naphthalene formaldehyde-based superplactisizer (Rao et al. 2018), A/B-0.55/0.45, Heat curing (Rao et al.)",2.87,23.92,15.44,3.91,0.57,3.44,398.4,2.73,20,8,45,55,1.48,5.17,1.18,1,60,103.7,113.18,5,61.95,NaN
150,430,236.5,0.55,17.2,1717.5,"Fly Ash/GGBFS-0.6/0.4, Activator: Water/NaOH/Na2SiO3-0.72/0.08/0.2, Sulphonated Naphthalene formaldehyde-based superplactisizer (Rao et al. 2018), A/B-0.55/0.45, Heat curing (Rao et al.)",2.87,23.92,15.44,3.91,0.57,3.44,398.4,2.73,20,8,45,55,1.48,5.17,1.18,1,60,106.38,118.02,5,57.37,NaN
151,430,258.0,0.6,17.2,1696.0,"Fly Ash/GGBFS-0.6/0.4, Activator: Water/NaOH/Na2SiO3-0.72/0.08/0.2, Sulphonated Naphthalene formaldehyde-based superplactisizer (Rao et al. 2018), A/B-0.55/0.45, Heat curing (Rao et al.)",2.87,23.92,15.44,3.91,0.57,3.44,398.4,2.73,20,8,45,55,1.48,5.17,1.18,1,60,109.05,122.86,5,54.31,NaN
152,440,198.0,0.45,17.6,1746.0,"Fly Ash/GGBFS-0.6/0.4, Activator: Water/NaOH/Na2SiO3-0.72/0.08/0.2, Sulphonated Naphthalene formaldehyde-based superplactisizer (Rao et al. 2018), A/B-0.55/0.45, Heat curing (Rao et al.)",2.87,23.92,15.44,3.91,0.57,3.44,398.4,2.73,20,8,45,55,1.48,5.17,1.18,1,60,102.25,110.34,5,57.27,NaN
153,440,220.0,0.5,17.6,1724.0,"Fly Ash/GGBFS-0.6/0.4, Activator: Water/NaOH/Na2SiO3-0.72/0.08/0.2, Sulphonated Naphthalene formaldehyde-based superplactisizer (Rao et al. 2018), A/B-0.55/0.45, Heat curing (Rao et al.)",2.87,23.92,15.44,3.91,0.57,3.44,398.4,2.73,20,8,45,55,1.48,5.17,1.18,1,60,104.98,115.29,5,61.61,NaN
154,440,242.0,0.55,17.6,1702.0,"Fly Ash/GGBFS-0.6/0.4, Activator: Water/NaOH/Na2SiO3-0.72/0.08/0.2, Sulphonated Naphthalene formaldehyde-based superplactisizer (Rao et al. 2018), A/B-0.55/0.45, Heat curing (Rao et al.)",2.87,23.92,15.44,3.91,0.57,3.44,398.4,2.73,20,8,45,55,1.48,5.17,1.18,1,60,107.71,120.24,5,55.82,NaN
155,440,264.0,0.6,17.6,1680.0,"Fly Ash/GGBFS-0.6/0.4, Activator: Water/NaOH/Na2SiO3-0.72/0.08/0.2, Sulphonated Naphthalene formaldehyde-based superplactisizer (Rao et al. 2018), A/B-0.55/0.45, Heat curing (Rao et al.)",2.87,23.92,15.44,3.91,0.57,3.44,398.4,2.73,20,8,45,55,1.48,5.17,1.18,1,60,110.45,125.2,5,51.98,NaN
156,450,202.5,0.45,18.0,1731.5,"Fly Ash/GGBFS-0.6/0.4, Activator: Water/NaOH/Na2SiO3-0.72/0.08/0.2, Sulphonated Naphthalene formaldehyde-based superplactisizer (Rao et al. 2018), A/B-0.55/0.45, Heat curing (Rao et al.)",2.87,23.92,15.44,3.91,0.57,3.44,398.4,2.73,20,8,45,55,1.48,5.17,1.18,1,60,103.46,112.33,5,56.56,NaN
157,450,225.0,0.5,18.0,1709.0,"Fly Ash/GGBFS-0.6/0.4, Activator: Water/NaOH/Na2SiO3-0.72/0.08/0.2, Sulphonated Naphthalene formaldehyde-based superplactisizer (Rao et al. 2018), A/B-0.55/0.45, Heat curing (Rao et al.)",2.87,23.92,15.44,3.91,0.57,3.44,398.4,2.73,20,8,45,55,1.48,5.17,1.18,1,60,106.25,117.4,5,61.3,NaN
158,450,247.5,0.55,18.0,1686.5,"Fly Ash/GGBFS-0.6/0.4, Activator: Water/NaOH/Na2SiO3-0.72/0.08/0.2, Sulphonated Naphthalene formaldehyde-based superplactisizer (Rao et al. 2018), A/B-0.55/0.45, Heat curing (Rao et al.)",2.87,23.92,15.44,3.91,0.57,3.44,398.4,2.73,20,8,45,55,1.48,5.17,1.18,1,60,109.05,122.47,5,54.38,NaN
159,450,270.0,0.6,18.0,1664.0,"Fly Ash/GGBFS-0.6/0.4, Activator: Water/NaOH/Na2SiO3-0.72/0.08/0.2, Sulphonated Naphthalene formaldehyde-based superplactisizer (Rao et al. 2018), A/B-0.55/0.45, Heat curing (Rao et al.)",2.87,23.92,15.44,3.91,0.57,3.44,398.4,2.73,20,8,45,55,1.48,5.17,1.18,1,60,111.85,127.53,5,49.83,NaN
160,360,162.0,0.45,14.4,1862.0,"Fly Ash/GGBFS-0.7/0.3, Activator: Water/NaOH/Na2SiO3-0.72/0.08/0.2, Sulphonated Naphthalene formaldehyde-based superplactisizer (Rao et al. 2018), A/B-0.55/0.45, Ambient curing (Rao et al. 2018)",3.21,24.57,12.58,3.24,0.52,3.39,393.8,2.73,20,8,45,55,1.48,5.17,1.18,1,25,73.55,70.18,5,33.83,NaN
161,360,180.0,0.5,14.4,1844.0,"Fly Ash/GGBFS-0.7/0.3, Activator: Water/NaOH/Na2SiO3-0.72/0.08/0.2, Sulphonated Naphthalene formaldehyde-based superplactisizer (Rao et al. 2018), A/B-0.55/0.45, Ambient curing (Rao et al. 2018)",3.21,24.57,12.58,3.24,0.52,3.39,393.8,2.73,20,8,45,55,1.48,5.17,1.18,1,25,75.79,74.23,5,36.19,NaN
162,360,198.0,0.55,14.4,1826.0,"Fly Ash/GGBFS-0.7/0.3, Activator: Water/NaOH/Na2SiO3-0.72/0.08/0.2, Sulphonated Naphthalene formaldehyde-based superplactisizer (Rao et al. 2018), A/B-0.55/0.45, Ambient curing (Rao et al. 2018)",3.21,24.57,12.58,3.24,0.52,3.39,393.8,2.73,20,8,45,55,1.48,5.17,1.18,1,25,78.03,78.29,5,31.11,NaN
163,360,216.0,0.6,14.4,1808.0,"Fly Ash/GGBFS-0.7/0.3, Activator: Water/NaOH/Na2SiO3-0.72/0.08/0.2, Sulphonated Naphthalene formaldehyde-based superplactisizer (Rao et al. 2018), A/B-0.55/0.45, Ambient curing (Rao et al. 2018)",3.21,24.57,12.58,3.24,0.52,3.39,393.8,2.73,20,8,45,55,1.48,5.17,1.18,1,25,80.27,82.34,5,25.71,NaN
164,370,166.5,0.45,14.8,1847.5,"Fly Ash/GGBFS-0.7/0.3, Activator: Water/NaOH/Na2SiO3-0.72/0.08/0.2, Sulphonated Naphthalene formaldehyde-based superplactisizer (Rao et al. 2018), A/B-0.55/0.45, Ambient curing (Rao et al. 2018)",3.21,24.57,12.58,3.24,0.52,3.39,393.8,2.73,20,8,45,55,1.48,5.17,1.18,1,25,74.68,72.13,5,34.31,NaN
165,370,185.0,0.5,14.8,1829.0,"Fly Ash/GGBFS-0.7/0.3, Activator: Water/NaOH/Na2SiO3-0.72/0.08/0.2, Sulphonated Naphthalene formaldehyde-based superplactisizer (Rao et al. 2018), A/B-0.55/0.45, Ambient curing (Rao et al. 2018)",3.21,24.57,12.58,3.24,0.52,3.39,393.8,2.73,20,8,45,55,1.48,5.17,1.18,1,25,76.98,76.29,5,36.52,NaN
166,370,203.5,0.55,14.8,1810.5,"Fly Ash/GGBFS-0.7/0.3, Activator: Water/NaOH/Na2SiO3-0.72/0.08/0.2, Sulphonated Naphthalene formaldehyde-based superplactisizer (Rao et al. 2018), A/B-0.55/0.45, Ambient curing (Rao et al. 2018)",3.21,24.57,12.58,3.24,0.52,3.39,393.8,2.73,20,8,45,55,1.48,5.17,1.18,1,25,79.28,80.46,5,30.27,NaN
167,370,222.0,0.6,14.8,1792.0,"Fly Ash/GGBFS-0.7/0.3, Activator: Water/NaOH/Na2SiO3-0.72/0.08/0.2, Sulphonated Naphthalene formaldehyde-based superplactisizer (Rao et al. 2018), A/B-0.55/0.45, Ambient curing (Rao et al. 2018)",3.21,24.57,12.58,3.24,0.52,3.39,393.8,2.73,20,8,45,55,1.48,5.17,1.18,1,25,81.58,84.63,5,25.6,NaN
168,380,171.0,0.45,15.2,1833.0,"Fly Ash/GGBFS-0.7/0.3, Activator: Water/NaOH/Na2SiO3-0.72/0.08/0.2, Sulphonated Naphthalene formaldehyde-based superplactisizer (Rao et al. 2018), A/B-0.55/0.45, Ambient curing (Rao et al. 2018)",3.21,24.57,12.58,3.24,0.52,3.39,393.8,2.73,20,8,45,55,1.48,5.17,1.18,1,25,75.81,74.08,5,34.79,NaN
169,380,190.0,0.5,15.2,1814.0,"Fly Ash/GGBFS-0.7/0.3, Activator: Water/NaOH/Na2SiO3-0.72/0.08/0.2, Sulphonated Naphthalene formaldehyde-based superplactisizer (Rao et al. 2018), A/B-0.55/0.45, Ambient curing (Rao et al. 2018)",3.21,24.57,12.58,3.24,0.52,3.39,393.8,2.73,20,8,45,55,1.48,5.17,1.18,1,25,78.18,78.36,5,36.85,NaN
170,380,209.0,0.55,15.2,1795.0,"Fly Ash/GGBFS-0.7/0.3, Activator: Water/NaOH/Na2SiO3-0.72/0.08/0.2, Sulphonated Naphthalene formaldehyde-based superplactisizer (Rao et al. 2018), A/B-0.55/0.45, Ambient curing (Rao et al. 2018)",3.21,24.57,12.58,3.24,0.52,3.39,393.8,2.73,20,8,45,55,1.48,5.17,1.18,1,25,80.54,82.63,5,29.43,NaN
171,380,228.0,0.6,15.2,1776.0,"Fly Ash/GGBFS-0.7/0.3, Activator: Water/NaOH/Na2SiO3-0.72/0.08/0.2, Sulphonated Naphthalene formaldehyde-based superplactisizer (Rao et al. 2018), A/B-0.55/0.45, Ambient curing (Rao et al. 2018)",3.21,24.57,12.58,3.24,0.52,3.39,393.8,2.73,20,8,45,55,1.48,5.17,1.18,1,25,82.9,86.91,5,25.5,NaN
172,390,175.5,0.45,15.6,1818.5,"Fly Ash/GGBFS-0.7/0.3, Activator: Water/NaOH/Na2SiO3-0.72/0.08/0.2, Sulphonated Naphthalene formaldehyde-based superplactisizer (Rao et al. 2018), A/B-0.55/0.45, Ambient curing (Rao et al. 2018)",3.21,24.57,12.58,3.24,0.52,3.39,393.8,2.73,20,8,45,55,1.48,5.17,1.18,1,25,76.94,76.03,5,38.27,NaN
173,390,195.0,0.5,15.6,1799.0,"Fly Ash/GGBFS-0.7/0.3, Activator: Water/NaOH/Na2SiO3-0.72/0.08/0.2, Sulphonated Naphthalene formaldehyde-based superplactisizer (Rao et al. 2018), A/B-0.55/0.45, Ambient curing (Rao et al. 2018)",3.21,24.57,12.58,3.24,0.52,3.39,393.8,2.73,20,8,45,55,1.48,5.17,1.18,1,25,79.37,80.42,5,37.18,NaN
174,390,214.5,0.55,15.6,1779.5,"Fly Ash/GGBFS-0.7/0.3, Activator: Water/NaOH/Na2SiO3-0.72/0.08/0.2, Sulphonated Naphthalene formaldehyde-based superplactisizer (Rao et al. 2018), A/B-0.55/0.45, Ambient curing (Rao et al. 2018)",3.21,24.57,12.58,3.24,0.52,3.39,393.8,2.73,20,8,45,55,1.48,5.17,1.18,1,25,81.79,84.81,5,28.6,NaN
175,390,234.0,0.6,15.6,1760.0,"Fly Ash/GGBFS-0.7/0.3, Activator: Water/NaOH/Na2SiO3-0.72/0.08/0.2, Sulphonated Naphthalene formaldehyde-based superplactisizer (Rao et al. 2018), A/B-0.55/0.45, Ambient curing (Rao et al. 2018)",3.21,24.57,12.58,3.24,0.52,3.39,393.8,2.73,20,8,45,55,1.48,5.17,1.18,1,25,84.21,89.2,5,25.4,NaN
176,400,180.0,0.45,16.0,1804.0,"Fly Ash/GGBFS-0.7/0.3, Activator: Water/NaOH/Na2SiO3-0.72/0.08/0.2, Sulphonated Naphthalene formaldehyde-based superplactisizer (Rao et al. 2018), A/B-0.55/0.45, Ambient curing (Rao et al. 2018)",3.21,24.57,12.58,3.24,0.52,3.39,393.8,2.73,20,8,45,55,1.48,5.17,1.18,1,25,78.07,77.98,5,35.76,NaN
177,400,200.0,0.5,16.0,1784.0,"Fly Ash/GGBFS-0.7/0.3, Activator: Water/NaOH/Na2SiO3-0.72/0.08/0.2, Sulphonated Naphthalene formaldehyde-based superplactisizer (Rao et al. 2018), A/B-0.55/0.45, Ambient curing (Rao et al. 2018)",3.21,24.57,12.58,3.24,0.52,3.39,393.8,2.73,20,8,45,55,1.48,5.17,1.18,1,25,80.56,82.48,5,37.52,NaN
178,400,220.0,0.55,16.0,1764.0,"Fly Ash/GGBFS-0.7/0.3, Activator: Water/NaOH/Na2SiO3-0.72/0.08/0.2, Sulphonated Naphthalene formaldehyde-based superplactisizer (Rao et al. 2018), A/B-0.55/0.45, Ambient curing (Rao et al. 2018)",3.21,24.57,12.58,3.24,0.52,3.39,393.8,2.73,20,8,45,55,1.48,5.17,1.18,1,25,83.04,86.98,5,27.77,NaN
179,400,240.0,0.6,16.0,1744.0,"Fly Ash/GGBFS-0.7/0.3, Activator: Water/NaOH/Na2SiO3-0.72/0.08/0.2, Sulphonated Naphthalene formaldehyde-based superplactisizer (Rao et al. 2018), A/B-0.55/0.45, Ambient curing (Rao et al. 2018)",3.21,24.57,12.58,3.24,0.52,3.39,393.8,2.73,20,8,45,55,1.48,5.17,1.18,1,25,85.53,91.49,5,25.3,NaN
180,410,184.5,0.45,16.4,1789.5,"Fly Ash/GGBFS-0.7/0.3, Activator: Water/NaOH/Na2SiO3-0.72/0.08/0.2, Sulphonated Naphthalene formaldehyde-based superplactisizer (Rao et al. 2018), A/B-0.55/0.45, Ambient curing (Rao et al. 2018)",3.21,24.57,12.58,3.24,0.52,3.39,393.8,2.73,20,8,45,55,1.48,5.17,1.18,1,25,79.2,79.93,5,36.24,NaN
181,410,205.0,0.5,16.4,1769.0,"Fly Ash/GGBFS-0.7/0.3, Activator: Water/NaOH/Na2SiO3-0.72/0.08/0.2, Sulphonated Naphthalene formaldehyde-based superplactisizer (Rao et al. 2018), A/B-0.55/0.45, Ambient curing (Rao et al. 2018)",3.21,24.57,12.58,3.24,0.52,3.39,393.8,2.73,20,8,45,55,1.48,5.17,1.18,1,25,81.75,84.54,5,37.85,NaN
182,410,225.5,0.55,16.4,1748.5,"Fly Ash/GGBFS-0.7/0.3, Activator: Water/NaOH/Na2SiO3-0.72/0.08/0.2, Sulphonated Naphthalene formaldehyde-based superplactisizer (Rao et al. 2018), A/B-0.55/0.45, Ambient curing (Rao et al. 2018)",3.21,24.57,12.58,3.24,0.52,3.39,393.8,2.73,20,8,45,55,1.48,5.17,1.18,1,25,84.3,89.16,5,26.95,NaN
183,410,246.0,0.6,16.4,1728.0,"Fly Ash/GGBFS-0.7/0.3, Activator: Water/NaOH/Na2SiO3-0.72/0.08/0.2, Sulphonated Naphthalene formaldehyde-based superplactisizer (Rao et al. 2018), A/B-0.55/0.45, Ambient curing (Rao et al. 2018)",3.21,24.57,12.58,3.24,0.52,3.39,393.8,2.73,20,8,45,55,1.48,5.17,1.18,1,25,86.85,93.78,5,25.2,NaN
184,420,189.0,0.45,16.8,1775.0,"Fly Ash/GGBFS-0.7/0.3, Activator: Water/NaOH/Na2SiO3-0.72/0.08/0.2, Sulphonated Naphthalene formaldehyde-based superplactisizer (Rao et al. 2018), A/B-0.55/0.45, Ambient curing (Rao et al. 2018)",3.21,24.57,12.58,3.24,0.52,3.39,393.8,2.73,20,8,45,55,1.48,5.17,1.18,1,25,80.33,81.87,5,36.69,NaN
185,420,210.0,0.5,16.8,1754.0,"Fly Ash/GGBFS-0.7/0.3, Activator: Water/NaOH/Na2SiO3-0.72/0.08/0.2, Sulphonated Naphthalene formaldehyde-based superplactisizer (Rao et al. 2018), A/B-0.55/0.45, Ambient curing (Rao et al. 2018)",3.21,24.57,12.58,3.24,0.52,3.39,393.8,2.73,20,8,45,55,1.48,5.17,1.18,1,25,82.94,86.6,5,38.16,NaN
186,420,231.0,0.55,16.8,1733.0,"Fly Ash/GGBFS-0.7/0.3, Activator: Water/NaOH/Na2SiO3-0.72/0.08/0.2, Sulphonated Naphthalene formaldehyde-based superplactisizer (Rao et al. 2018), A/B-0.55/0.45, Ambient curing (Rao et al. 2018)",3.21,24.57,12.58,3.24,0.52,3.39,393.8,2.73,20,8,45,55,1.48,5.17,1.18,1,25,85.55,91.33,5,26.17,NaN
187,420,252.0,0.6,16.8,1712.0,"Fly Ash/GGBFS-0.7/0.3, Activator: Water/NaOH/Na2SiO3-0.72/0.08/0.2, Sulphonated Naphthalene formaldehyde-based superplactisizer (Rao et al. 2018), A/B-0.55/0.45, Ambient curing (Rao et al. 2018)",3.21,24.57,12.58,3.24,0.52,3.39,393.8,2.73,20,8,45,55,1.48,5.17,1.18,1,25,88.16,96.06,5,25.11,NaN
188,430,193.5,0.45,17.2,1760.5,"Fly Ash/GGBFS-0.7/0.3, Activator: Water/NaOH/Na2SiO3-0.72/0.08/0.2, Sulphonated Naphthalene formaldehyde-based superplactisizer (Rao et al. 2018), A/B-0.55/0.45, Ambient curing (Rao et al. 2018)",3.21,24.57,12.58,3.24,0.52,3.39,393.8,2.73,20,8,45,55,1.48,5.17,1.18,1,25,81.46,83.82,5,35.7,NaN
189,430,215.0,0.5,17.2,1739.0,"Fly Ash/GGBFS-0.7/0.3, Activator: Water/NaOH/Na2SiO3-0.72/0.08/0.2, Sulphonated Naphthalene formaldehyde-based superplactisizer (Rao et al. 2018), A/B-0.55/0.45, Ambient curing (Rao et al. 2018)",3.21,24.57,12.58,3.24,0.52,3.39,393.8,2.73,20,8,45,55,1.48,5.17,1.18,1,25,84.14,88.67,5,38.43,NaN
190,430,236.5,0.55,17.2,1717.5,"Fly Ash/GGBFS-0.7/0.3, Activator: Water/NaOH/Na2SiO3-0.72/0.08/0.2, Sulphonated Naphthalene formaldehyde-based superplactisizer (Rao et al. 2018), A/B-0.55/0.45, Ambient curing (Rao et al. 2018)",3.21,24.57,12.58,3.24,0.52,3.39,393.8,2.73,20,8,45,55,1.48,5.17,1.18,1,25,86.81,93.51,5,26.01,NaN
191,430,258.0,0.6,17.2,1696.0,"Fly Ash/GGBFS-0.7/0.3, Activator: Water/NaOH/Na2SiO3-0.72/0.08/0.2, Sulphonated Naphthalene formaldehyde-based superplactisizer (Rao et al. 2018), A/B-0.55/0.45, Ambient curing (Rao et al. 2018)",3.21,24.57,12.58,3.24,0.52,3.39,393.8,2.73,20,8,45,55,1.48,5.17,1.18,1,25,89.48,98.35,5,23.62,NaN
192,440,198.0,0.45,17.6,1746.0,"Fly Ash/GGBFS-0.7/0.3, Activator: Water/NaOH/Na2SiO3-0.72/0.08/0.2, Sulphonated Naphthalene formaldehyde-based superplactisizer (Rao et al. 2018), A/B-0.55/0.45, Ambient curing (Rao et al. 2018)",3.21,24.57,12.58,3.24,0.52,3.39,393.8,2.73,20,8,45,55,1.48,5.17,1.18,1,25,82.59,85.77,5,34.86,NaN
193,440,220.0,0.5,17.6,1724.0,"Fly Ash/GGBFS-0.7/0.3, Activator: Water/NaOH/Na2SiO3-0.72/0.08/0.2, Sulphonated Naphthalene formaldehyde-based superplactisizer (Rao et al. 2018), A/B-0.55/0.45, Ambient curing (Rao et al. 2018)",3.21,24.57,12.58,3.24,0.52,3.39,393.8,2.73,20,8,45,55,1.48,5.17,1.18,1,25,85.33,90.73,5,38.66,NaN
194,440,242.0,0.55,17.6,1702.0,"Fly Ash/GGBFS-0.7/0.3, Activator: Water/NaOH/Na2SiO3-0.72/0.08/0.2, Sulphonated Naphthalene formaldehyde-based superplactisizer (Rao et al. 2018), A/B-0.55/0.45, Ambient curing (Rao et al. 2018)",3.21,24.57,12.58,3.24,0.52,3.39,393.8,2.73,20,8,45,55,1.48,5.17,1.18,1,25,88.06,95.68,5,25.88,NaN
195,440,264.0,0.6,17.6,1680.0,"Fly Ash/GGBFS-0.7/0.3, Activator: Water/NaOH/Na2SiO3-0.72/0.08/0.2, Sulphonated Naphthalene formaldehyde-based superplactisizer (Rao et al. 2018), A/B-0.55/0.45, Ambient curing (Rao et al. 2018)",3.21,24.57,12.58,3.24,0.52,3.39,393.8,2.73,20,8,45,55,1.48,5.17,1.18,1,25,90.8,100.64,5,22.4,NaN
196,450,202.5,0.45,18.0,1731.5,"Fly Ash/GGBFS-0.7/0.3, Activator: Water/NaOH/Na2SiO3-0.72/0.08/0.2, Sulphonated Naphthalene formaldehyde-based superplactisizer (Rao et al. 2018), A/B-0.55/0.45, Ambient curing (Rao et al. 2018)",3.21,24.57,12.58,3.24,0.52,3.39,393.8,2.73,20,8,45,55,1.48,5.17,1.18,1,25,83.72,87.72,5,33.81,NaN
197,450,225.0,0.5,18.0,1709.0,"Fly Ash/GGBFS-0.7/0.3, Activator: Water/NaOH/Na2SiO3-0.72/0.08/0.2, Sulphonated Naphthalene formaldehyde-based superplactisizer (Rao et al. 2018), A/B-0.55/0.45, Ambient curing (Rao et al. 2018)",3.21,24.57,12.58,3.24,0.52,3.39,393.8,2.73,20,8,45,55,1.48,5.17,1.18,1,25,86.52,92.79,5,38.96,NaN
198,450,247.5,0.55,18.0,1686.5,"Fly Ash/GGBFS-0.7/0.3, Activator: Water/NaOH/Na2SiO3-0.72/0.08/0.2, Sulphonated Naphthalene formaldehyde-based superplactisizer (Rao et al. 2018), A/B-0.55/0.45, Ambient curing (Rao et al. 2018)",3.21,24.57,12.58,3.24,0.52,3.39,393.8,2.73,20,8,45,55,1.48,5.17,1.18,1,25,89.32,97.86,5,25.71,NaN
199,450,270.0,0.6,18.0,1664.0,"Fly Ash/GGBFS-0.7/0.3, Activator: Water/NaOH/Na2SiO3-0.72/0.08/0.2, Sulphonated Naphthalene formaldehyde-based superplactisizer (Rao et al. 2018), A/B-0.55/0.45, Ambient curing (Rao et al. 2018)",3.21,24.57,12.58,3.24,0.52,3.39,393.8,2.73,20,8,45,55,1.48,5.17,1.18,1,25,92.11,102.92,5,20.76,NaN
200,360,162.0,0.45,14.4,1862.0,"Fly Ash/GGBFS-0.7/0.3, Activator: Water/NaOH/Na2SiO3-0.72/0.08/0.2, Sulphonated Naphthalene formaldehyde-based superplactisizer (Rao et al. 2018), A/B-0.55/0.45, Heat curing (Rao et al.)",3.21,24.57,12.58,3.24,0.52,3.39,393.8,2.73,20,8,45,55,1.48,5.17,1.18,1,60,89.55,92.63,5,41.53,NaN
201,360,180.0,0.5,14.4,1844.0,"Fly Ash/GGBFS-0.7/0.3, Activator: Water/NaOH/Na2SiO3-0.72/0.08/0.2, Sulphonated Naphthalene formaldehyde-based superplactisizer (Rao et al. 2018), A/B-0.55/0.45, Heat curing (Rao et al.)",3.21,24.57,12.58,3.24,0.52,3.39,393.8,2.73,20,8,45,55,1.48,5.17,1.18,1,60,91.79,96.68,5,42.56,NaN
202,360,198.0,0.55,14.4,1826.0,"Fly Ash/GGBFS-0.7/0.3, Activator: Water/NaOH/Na2SiO3-0.72/0.08/0.2, Sulphonated Naphthalene formaldehyde-based superplactisizer (Rao et al. 2018), A/B-0.55/0.45, Heat curing (Rao et al.)",3.21,24.57,12.58,3.24,0.52,3.39,393.8,2.73,20,8,45,55,1.48,5.17,1.18,1,60,94.03,100.74,5,33.94,NaN
203,360,216.0,0.6,14.4,1808.0,"Fly Ash/GGBFS-0.7/0.3, Activator: Water/NaOH/Na2SiO3-0.72/0.08/0.2, Sulphonated Naphthalene formaldehyde-based superplactisizer (Rao et al. 2018), A/B-0.55/0.45, Heat curing (Rao et al.)",3.21,24.57,12.58,3.24,0.52,3.39,393.8,2.73,20,8,45,55,1.48,5.17,1.18,1,60,96.27,104.79,5,25.58,NaN
204,370,166.5,0.45,14.8,1847.5,"Fly Ash/GGBFS-0.7/0.3, Activator: Water/NaOH/Na2SiO3-0.72/0.08/0.2, Sulphonated Naphthalene formaldehyde-based superplactisizer (Rao et al. 2018), A/B-0.55/0.45, Heat curing (Rao et al.)",3.21,24.57,12.58,3.24,0.52,3.39,393.8,2.73,20,8,45,55,1.48,5.17,1.18,1,60,90.68,94.58,5,41.34,NaN
205,370,185.0,0.5,14.8,1829.0,"Fly Ash/GGBFS-0.7/0.3, Activator: Water/NaOH/Na2SiO3-0.72/0.08/0.2, Sulphonated Naphthalene formaldehyde-based superplactisizer (Rao et al. 2018), A/B-0.55/0.45, Heat curing (Rao et al.)",3.21,24.57,12.58,3.24,0.52,3.39,393.8,2.73,20,8,45,55,1.48,5.17,1.18,1,60,92.98,98.74,5,42.72,NaN
206,370,203.5,0.55,14.8,1810.5,"Fly Ash/GGBFS-0.7/0.3, Activator: Water/NaOH/Na2SiO3-0.72/0.08/0.2, Sulphonated Naphthalene formaldehyde-based superplactisizer (Rao et al. 2018), A/B-0.55/0.45, Heat curing (Rao et al.)",3.21,24.57,12.58,3.24,0.52,3.39,393.8,2.73,20,8,45,55,1.48,5.17,1.18,1,60,95.28,102.91,5,33.49,NaN
207,370,222.0,0.6,14.8,1792.0,"Fly Ash/GGBFS-0.7/0.3, Activator: Water/NaOH/Na2SiO3-0.72/0.08/0.2, Sulphonated Naphthalene formaldehyde-based superplactisizer (Rao et al. 2018), A/B-0.55/0.45, Heat curing (Rao et al.)",3.21,24.57,12.58,3.24,0.52,3.39,393.8,2.73,20,8,45,55,1.48,5.17,1.18,1,60,97.58,107.08,5,28.3,NaN
208,380,171.0,0.45,15.2,1833.0,"Fly Ash/GGBFS-0.7/0.3, Activator: Water/NaOH/Na2SiO3-0.72/0.08/0.2, Sulphonated Naphthalene formaldehyde-based superplactisizer (Rao et al. 2018), A/B-0.55/0.45, Heat curing (Rao et al.)",3.21,24.57,12.58,3.24,0.52,3.39,393.8,2.73,20,8,45,55,1.48,5.17,1.18,1,60,91.81,96.53,5,41.15,NaN
209,380,190.0,0.5,15.2,1814.0,"Fly Ash/GGBFS-0.7/0.3, Activator: Water/NaOH/Na2SiO3-0.72/0.08/0.2, Sulphonated Naphthalene formaldehyde-based superplactisizer (Rao et al. 2018), A/B-0.55/0.45, Heat curing (Rao et al.)",3.21,24.57,12.58,3.24,0.52,3.39,393.8,2.73,20,8,45,55,1.48,5.17,1.18,1,60,94.18,100.81,5,42.88,NaN
210,380,209.0,0.55,15.2,1795.0,"Fly Ash/GGBFS-0.7/0.3, Activator: Water/NaOH/Na2SiO3-0.72/0.08/0.2, Sulphonated Naphthalene formaldehyde-based superplactisizer (Rao et al. 2018), A/B-0.55/0.45, Heat curing (Rao et al.)",3.21,24.57,12.58,3.24,0.52,3.39,393.8,2.73,20,8,45,55,1.48,5.17,1.18,1,60,96.54,105.08,5,33.03,NaN
211,380,228.0,0.6,15.2,1776.0,"Fly Ash/GGBFS-0.7/0.3, Activator: Water/NaOH/Na2SiO3-0.72/0.08/0.2, Sulphonated Naphthalene formaldehyde-based superplactisizer (Rao et al. 2018), A/B-0.55/0.45, Heat curing (Rao et al.)",3.21,24.57,12.58,3.24,0.52,3.39,393.8,2.73,20,8,45,55,1.48,5.17,1.18,1,60,98.9,109.36,5,28.01,NaN
212,390,175.5,0.45,15.6,1818.5,"Fly Ash/GGBFS-0.7/0.3, Activator: Water/NaOH/Na2SiO3-0.72/0.08/0.2, Sulphonated Naphthalene formaldehyde-based superplactisizer (Rao et al. 2018), A/B-0.55/0.45, Heat curing (Rao et al.)",3.21,24.57,12.58,3.24,0.52,3.39,393.8,2.73,20,8,45,55,1.48,5.17,1.18,1,60,92.94,98.48,5,40.96,NaN
213,390,195.0,0.5,15.6,1799.0,"Fly Ash/GGBFS-0.7/0.3, Activator: Water/NaOH/Na2SiO3-0.72/0.08/0.2, Sulphonated Naphthalene formaldehyde-based superplactisizer (Rao et al. 2018), A/B-0.55/0.45, Heat curing (Rao et al.)",3.21,24.57,12.58,3.24,0.52,3.39,393.8,2.73,20,8,45,55,1.48,5.17,1.18,1,60,95.37,102.87,5,43.03,NaN
214,390,214.5,0.55,15.6,1779.5,"Fly Ash/GGBFS-0.7/0.3, Activator: Water/NaOH/Na2SiO3-0.72/0.08/0.2, Sulphonated Naphthalene formaldehyde-based superplactisizer (Rao et al. 2018), A/B-0.55/0.45, Heat curing (Rao et al.)",3.21,24.57,12.58,3.24,0.52,3.39,393.8,2.73,20,8,45,55,1.48,5.17,1.18,1,60,97.79,107.26,5,32.58,NaN
215,390,234.0,0.6,15.6,1760.0,"Fly Ash/GGBFS-0.7/0.3, Activator: Water/NaOH/Na2SiO3-0.72/0.08/0.2, Sulphonated Naphthalene formaldehyde-based superplactisizer (Rao et al. 2018), A/B-0.55/0.45, Heat curing (Rao et al.)",3.21,24.57,12.58,3.24,0.52,3.39,393.8,2.73,20,8,45,55,1.48,5.17,1.18,1,60,100.21,111.65,5,27.73,NaN
216,400,180.0,0.45,16.0,1804.0,"Fly Ash/GGBFS-0.7/0.3, Activator: Water/NaOH/Na2SiO3-0.72/0.08/0.2, Sulphonated Naphthalene formaldehyde-based superplactisizer (Rao et al. 2018), A/B-0.55/0.45, Heat curing (Rao et al.)",3.21,24.57,12.58,3.24,0.52,3.39,393.8,2.73,20,8,45,55,1.48,5.17,1.18,1,60,94.07,100.43,5,40.78,NaN
217,400,200.0,0.5,16.0,1784.0,"Fly Ash/GGBFS-0.7/0.3, Activator: Water/NaOH/Na2SiO3-0.72/0.08/0.2, Sulphonated Naphthalene formaldehyde-based superplactisizer (Rao et al. 2018), A/B-0.55/0.45, Heat curing (Rao et al.)",3.21,24.57,12.58,3.24,0.52,3.39,393.8,2.73,20,8,45,55,1.48,5.17,1.18,1,60,96.56,104.93,5,43.19,NaN
218,400,220.0,0.55,16.0,1764.0,"Fly Ash/GGBFS-0.7/0.3, Activator: Water/NaOH/Na2SiO3-0.72/0.08/0.2, Sulphonated Naphthalene formaldehyde-based superplactisizer (Rao et al. 2018), A/B-0.55/0.45, Heat curing (Rao et al.)",3.21,24.57,12.58,3.24,0.52,3.39,393.8,2.73,20,8,45,55,1.48,5.17,1.18,1,60,99.04,109.43,5,32.12,NaN
219,400,240.0,0.6,16.0,1744.0,"Fly Ash/GGBFS-0.7/0.3, Activator: Water/NaOH/Na2SiO3-0.72/0.08/0.2, Sulphonated Naphthalene formaldehyde-based superplactisizer (Rao et al. 2018), A/B-0.55/0.45, Heat curing (Rao et al.)",3.21,24.57,12.58,3.24,0.52,3.39,393.8,2.73,20,8,45,55,1.48,5.17,1.18,1,60,101.53,113.94,5,27.44,NaN
220,410,184.5,0.45,16.4,1789.5,"Fly Ash/GGBFS-0.7/0.3, Activator: Water/NaOH/Na2SiO3-0.72/0.08/0.2, Sulphonated Naphthalene formaldehyde-based superplactisizer (Rao et al. 2018), A/B-0.55/0.45, Heat curing (Rao et al.)",3.21,24.57,12.58,3.24,0.52,3.39,393.8,2.73,20,8,45,55,1.48,5.17,1.18,1,60,95.2,102.38,5,40.59,NaN
221,410,205.0,0.5,16.4,1769.0,"Fly Ash/GGBFS-0.7/0.3, Activator: Water/NaOH/Na2SiO3-0.72/0.08/0.2, Sulphonated Naphthalene formaldehyde-based superplactisizer (Rao et al. 2018), A/B-0.55/0.45, Heat curing (Rao et al.)",3.21,24.57,12.58,3.24,0.52,3.39,393.8,2.73,20,8,45,55,1.48,5.17,1.18,1,60,97.75,106.99,5,43.35,NaN
222,410,225.5,0.55,16.4,1748.5,"Fly Ash/GGBFS-0.7/0.3, Activator: Water/NaOH/Na2SiO3-0.72/0.08/0.2, Sulphonated Naphthalene formaldehyde-based superplactisizer (Rao et al. 2018), A/B-0.55/0.45, Heat curing (Rao et al.)",3.21,24.57,12.58,3.24,0.52,3.39,393.8,2.73,20,8,45,55,1.48,5.17,1.18,1,60,100.3,111.61,5,31.67,NaN
223,410,246.0,0.6,16.4,1728.0,"Fly Ash/GGBFS-0.7/0.3, Activator: Water/NaOH/Na2SiO3-0.72/0.08/0.2, Sulphonated Naphthalene formaldehyde-based superplactisizer (Rao et al. 2018), A/B-0.55/0.45, Heat curing (Rao et al.)",3.21,24.57,12.58,3.24,0.52,3.39,393.8,2.73,20,8,45,55,1.48,5.17,1.18,1,60,102.85,116.23,5,27.16,NaN
224,420,189.0,0.45,16.8,1775.0,"Fly Ash/GGBFS-0.7/0.3, Activator: Water/NaOH/Na2SiO3-0.72/0.08/0.2, Sulphonated Naphthalene formaldehyde-based superplactisizer (Rao et al. 2018), A/B-0.55/0.45, Heat curing (Rao et al.)",3.21,24.57,12.58,3.24,0.52,3.39,393.8,2.73,20,8,45,55,1.48,5.17,1.18,1,60,96.33,104.32,5,40.41,NaN
225,420,210.0,0.5,16.8,1754.0,"Fly Ash/GGBFS-0.7/0.3, Activator: Water/NaOH/Na2SiO3-0.72/0.08/0.2, Sulphonated Naphthalene formaldehyde-based superplactisizer (Rao et al. 2018), A/B-0.55/0.45, Heat curing (Rao et al.)",3.21,24.57,12.58,3.24,0.52,3.39,393.8,2.73,20,8,45,55,1.48,5.17,1.18,1,60,98.94,109.05,5,43.5,NaN
226,420,231.0,0.55,16.8,1733.0,"Fly Ash/GGBFS-0.7/0.3, Activator: Water/NaOH/Na2SiO3-0.72/0.08/0.2, Sulphonated Naphthalene formaldehyde-based superplactisizer (Rao et al. 2018), A/B-0.55/0.45, Heat curing (Rao et al.)",3.21,24.57,12.58,3.24,0.52,3.39,393.8,2.73,20,8,45,55,1.48,5.17,1.18,1,60,101.55,113.78,5,31.24,NaN
227,420,252.0,0.6,16.8,1712.0,"Fly Ash/GGBFS-0.7/0.3, Activator: Water/NaOH/Na2SiO3-0.72/0.08/0.2, Sulphonated Naphthalene formaldehyde-based superplactisizer (Rao et al. 2018), A/B-0.55/0.45, Heat curing (Rao et al.)",3.21,24.57,12.58,3.24,0.52,3.39,393.8,2.73,20,8,45,55,1.48,5.17,1.18,1,60,104.16,118.51,5,26.89,NaN
228,430,193.5,0.45,17.2,1760.5,"Fly Ash/GGBFS-0.7/0.3, Activator: Water/NaOH/Na2SiO3-0.72/0.08/0.2, Sulphonated Naphthalene formaldehyde-based superplactisizer (Rao et al. 2018), A/B-0.55/0.45, Heat curing (Rao et al.)",3.21,24.57,12.58,3.24,0.52,3.39,393.8,2.73,20,8,45,55,1.48,5.17,1.18,1,60,97.46,106.27,5,39.8,NaN
229,430,215.0,0.5,17.2,1739.0,"Fly Ash/GGBFS-0.7/0.3, Activator: Water/NaOH/Na2SiO3-0.72/0.08/0.2, Sulphonated Naphthalene formaldehyde-based superplactisizer (Rao et al. 2018), A/B-0.55/0.45, Heat curing (Rao et al.)",3.21,24.57,12.58,3.24,0.52,3.39,393.8,2.73,20,8,45,55,1.48,5.17,1.18,1,60,100.14,111.12,5,43.84,NaN
230,430,236.5,0.55,17.2,1717.5,"Fly Ash/GGBFS-0.7/0.3, Activator: Water/NaOH/Na2SiO3-0.72/0.08/0.2, Sulphonated Naphthalene formaldehyde-based superplactisizer (Rao et al. 2018), A/B-0.55/0.45, Heat curing (Rao et al.)",3.21,24.57,12.58,3.24,0.52,3.39,393.8,2.73,20,8,45,55,1.48,5.17,1.18,1,60,102.81,115.96,5,32.59,NaN
231,430,258.0,0.6,17.2,1696.0,"Fly Ash/GGBFS-0.7/0.3, Activator: Water/NaOH/Na2SiO3-0.72/0.08/0.2, Sulphonated Naphthalene formaldehyde-based superplactisizer (Rao et al. 2018), A/B-0.55/0.45, Heat curing (Rao et al.)",3.21,24.57,12.58,3.24,0.52,3.39,393.8,2.73,20,8,45,55,1.48,5.17,1.18,1,60,105.48,120.8,5,27.77,NaN
232,440,198.0,0.45,17.6,1746.0,"Fly Ash/GGBFS-0.7/0.3, Activator: Water/NaOH/Na2SiO3-0.72/0.08/0.2, Sulphonated Naphthalene formaldehyde-based superplactisizer (Rao et al. 2018), A/B-0.55/0.45, Heat curing (Rao et al.)",3.21,24.57,12.58,3.24,0.52,3.39,393.8,2.73,20,8,45,55,1.48,5.17,1.18,1,60,98.59,108.22,5,39.19,NaN
233,440,220.0,0.5,17.6,1724.0,"Fly Ash/GGBFS-0.7/0.3, Activator: Water/NaOH/Na2SiO3-0.72/0.08/0.2, Sulphonated Naphthalene formaldehyde-based superplactisizer (Rao et al. 2018), A/B-0.55/0.45, Heat curing (Rao et al.)",3.21,24.57,12.58,3.24,0.52,3.39,393.8,2.73,20,8,45,55,1.48,5.17,1.18,1,60,101.33,113.18,5,44.18,NaN
234,440,242.0,0.55,17.6,1702.0,"Fly Ash/GGBFS-0.7/0.3, Activator: Water/NaOH/Na2SiO3-0.72/0.08/0.2, Sulphonated Naphthalene formaldehyde-based superplactisizer (Rao et al. 2018), A/B-0.55/0.45, Heat curing (Rao et al.)",3.21,24.57,12.58,3.24,0.52,3.39,393.8,2.73,20,8,45,55,1.48,5.17,1.18,1,60,104.06,118.13,5,33.95,NaN
235,440,264.0,0.6,17.6,1680.0,"Fly Ash/GGBFS-0.7/0.3, Activator: Water/NaOH/Na2SiO3-0.72/0.08/0.2, Sulphonated Naphthalene formaldehyde-based superplactisizer (Rao et al. 2018), A/B-0.55/0.45, Heat curing (Rao et al.)",3.21,24.57,12.58,3.24,0.52,3.39,393.8,2.73,20,8,45,55,1.48,5.17,1.18,1,60,106.8,123.09,5,28.65,NaN
236,450,202.5,0.45,18.0,1731.5,"Fly Ash/GGBFS-0.7/0.3, Activator: Water/NaOH/Na2SiO3-0.72/0.08/0.2, Sulphonated Naphthalene formaldehyde-based superplactisizer (Rao et al. 2018), A/B-0.55/0.45, Heat curing (Rao et al.)",3.21,24.57,12.58,3.24,0.52,3.39,393.8,2.73,20,8,45,55,1.48,5.17,1.18,1,60,99.72,110.17,5,38.63,NaN
237,450,225.0,0.5,18.0,1709.0,"Fly Ash/GGBFS-0.7/0.3, Activator: Water/NaOH/Na2SiO3-0.72/0.08/0.2, Sulphonated Naphthalene formaldehyde-based superplactisizer (Rao et al. 2018), A/B-0.55/0.45, Heat curing (Rao et al.)",3.21,24.57,12.58,3.24,0.52,3.39,393.8,2.73,20,8,45,55,1.48,5.17,1.18,1,60,102.52,115.24,5,44.49,NaN
238,450,247.5,0.55,18.0,1686.5,"Fly Ash/GGBFS-0.7/0.3, Activator: Water/NaOH/Na2SiO3-0.72/0.08/0.2, Sulphonated Naphthalene formaldehyde-based superplactisizer (Rao et al. 2018), A/B-0.55/0.45, Heat curing (Rao et al.)",3.21,24.57,12.58,3.24,0.52,3.39,393.8,2.73,20,8,45,55,1.48,5.17,1.18,1,60,105.32,120.31,5,35.2,NaN
239,450,270.0,0.6,18.0,1664.0,"Fly Ash/GGBFS-0.7/0.3, Activator: Water/NaOH/Na2SiO3-0.72/0.08/0.2, Sulphonated Naphthalene formaldehyde-based superplactisizer (Rao et al. 2018), A/B-0.55/0.45, Heat curing (Rao et al.)",3.21,24.57,12.58,3.24,0.52,3.39,393.8,2.73,20,8,45,55,1.48,5.17,1.18,1,60,108.11,125.37,5,29.46,NaN
